J0010,10,BU2,027,91,1850,40,40,0,4.0,4.2,7196030002,7116509602,2,2,,,,,,,,,,,,,,,,,,,,,,,,10,4,9,10,,IA-CIVUS 0.13,,,0,2,0,2,,,
J0020,20,BU2,027,91,1470,40,40,0,4.0,4.0,7196030002,7116509602,2,2,,,,,,,,,,,,,,,,,,,,,,,,10,4,9,10,,IA-CIVUS 0.13,,,0,2,0,2,,,
J0030,30,BU2,027,92,1850,40,40,0,4.0,4.0,7196030002,7116509602,2,2,,,,,,,,,,,,,,,,,,,,,,,,10,4,9,10,,IA-CIVUS 0.13,,,0,2,0,2,,,
J0040,40,BU2,027,92,1470,40,40,0,4.0,4.0,7196030002,7116509602,2,2,,,,,,,,,,,,,,,,,,,,,,,,10,4,9,10,,IA-CIVUS 0.13,,,0,2,0,2,,,
J0050,50,BU2,027,5U,1297,40,40,0,4.0,4.0,7196030002,7196030002,2,2,,,,,,,,,,,,,,,,,,,,,,,,10,4,9,10,,IA-CIVUS 0.13,,,0,2,0,2,,,
J0060,60,BU2,027,5U,1306,40,40,0,4.0,4.0,7196030002,7196030002,2,2,,,,,,,,,,,,,,,,,,,,,,,,10,4,9,10,,IA-CIVUS 0.13,,,0,2,0,2,,,
J0070,70,BU2,027,52,1291,40,40,0,4.0,4.0,7196030002,7196030002,2,2,,,,,,,,,,,,,,,,,,,,,,,,10,4,9,10,,IA-CIVUS 0.13,,,0,2,0,2,,,
J0080,80,BU2,027,52,1301,40,40,0,4.0,4.0,7196030002,7196030002,2,2,,,,,,,,,,,,,,,,,,,,,,,,10,4,9,10,,IA-CIVUS 0.13,,,0,2,0,2,,,
J0090,90,BU2,027,60,1289,40,40,0,4.0,4.0,7196030002,7196030002,2,2,,,,,,,,,,,,,,,,,,,,,,,,10,4,9,10,,IA-CIVUS 0.13,,,0,2,0,2,,,
J0100,100,BU2,027,60,1303,40,40,0,4.0,4.0,7196030002,7196030002,2,2,,,,,,,,,,,,,,,,,,,,,,,,10,4,9,10,,IA-CIVUS 0.13,,,0,2,0,2,,,
J0110,110,BU2,027,60,1919,40,40,0,4.0,4.0,7196030002,7116753102,2,2,,,,,,,,,,,,,,,,,,,,,,,,10,4,9,10,,IA-CIVUS 0.13,,,0,2,0,2,,,
J0120,120,BU2,027,60,2359,40,40,0,4.0,4.0,7196030002,7116753102,2,2,,,,,,,,,,,,,,,,,,,,,,,,10,4,9,10,,IA-CIVUS 0.13,,,0,2,0,2,,,
J0130,130,BU2,027,80,1916,40,40,0,4.0,4.0,7196030002,7116753102,2,2,,,,,,,,,,,,,,,,,,,,,,,,10,4,9,10,,IA-CIVUS 0.13,,,0,2,0,2,,,
J0140,140,BU2,027,80,2361,40,40,0,4.0,4.0,7196030002,7116753102,2,2,,,,,,,,,,,,,,,,,,,,,,,,10,4,9,10,,IA-CIVUS 0.13,,,0,2,0,2,,,
J0150,150,BU2,027,90,1914,40,40,0,4.0,4.0,7196030002,7116753102,2,2,,,,,,,,,,,,,,,,,,,,,,,,10,4,9,10,,IA-CIVUS 0.13,,,0,2,0,2,,,
J0160,160,BU2,027,90,2359,40,40,0,4.0,4.0,7196030002,7116753102,2,2,,,,,,,,,,,,,,,,,,,,,,,,10,4,9,10,,IA-CIVUS 0.13,,,0,2,0,2,,,
J9000,9000,BU2,027,60,80,3,3,0,10.0,10.0,STRIP ONLY,STRIP ONLY,Y,Y,,,,,,,,,,,,,,,,,,,,,,,,10,4,9,10,,IA-CIVUS 0.13,,,0,8,0,8,,,
J9010,9010,BU2,027,60,400,1,1,0,15.0,15.0,STRIP ONLY,STRIP ONLY,Y,Y,,,,,,,,,,,,,,,,,,,,,,,,10,4,9,10,,IA-CIVUS 0.13,,,0,13,0,13,,,
A0010,10,BU2,027,60,1142,40,40,0,4.0,4.35,7116509602,7116681002,2,2,,,,,,,,,,,,,,,,,,,,,,,,10,4,9,1,,IA-CIVUS 0.13,,
A0020,20,BU2,027,50,1142,40,40,0,4.0,4.35,7116509602,7116681002,2,2,,,,,,,,,,,,,,,,,,,,,,,,10,4,9,1,,IA-CIVUS 0.13,,
A0030,30,BU2,027,52,1240,40,40,0,4.0,4.0,7116509602,7116509602,2,2,,,,,,,,,,,,,,,,,,,,,,,,10,4,9,1,,IA-CIVUS 0.13,,
A0040,40,BU2,027,52,1220,40,40,0,4.0,4.0,7116509602,7116509602,2,2,,,,,,,,,,,,,,,,,,,,,,,,10,4,9,1,,IA-CIVUS 0.13,,
A0045,45,BU2,027,91,1850,40,40,0,4.0,4.0,7196030002,7116509602,2,2,,,,,,,,,,,,,,,,,,,,,,,,10,4,9,1,,IA-CIVUS 0.13,,,0,2,0,2,,,
A0046,46,BU2,027,91,1470,40,40,0,4.0,4.0,7196030002,7116509602,2,2,,,,,,,,,,,,,,,,,,,,,,,,10,4,9,1,,IA-CIVUS 0.13,,,0,2,0,2,,,
A0047,47,BU2,027,92,1850,40,40,0,4.0,4.0,7196030002,7116509602,2,2,,,,,,,,,,,,,,,,,,,,,,,,10,4,9,1,,IA-CIVUS 0.13,,,0,2,0,2,,,
A0049,49,BU2,027,92,1470,40,40,0,4.0,4.0,7196030002,7116509602,2,2,,,,,,,,,,,,,,,,,,,,,,,,10,4,9,1,,IA-CIVUS 0.13,,,0,2,0,2,,,
A0050,50,BU2,027,61,423,40,40,0,4.0,4.0,7196030002,7116509602,2,2,,,,,,,,,,,,,,,,,,,,,,,,10,4,9,1,,IA-CIVUS 0.13,,
A0060,60,BU2,027,61,413,40,40,0,4.0,4.0,7196030002,7116509602,2,2,,,,,,,,,,,,,,,,,,,,,,,,10,4,9,1,,IA-CIVUS 0.13,,
A0070,70,BU2,027,50,383,40,40,0,4.0,4.0,7196030002,7116509602,2,2,,,,,,,,,,,,,,,,,,,,,,,,10,4,9,1,,IA-CIVUS 0.13,,
A0080,80,BU2,027,50,423,40,40,0,4.0,4.0,7196030002,7116509602,2,2,,,,,,,,,,,,,,,,,,,,,,,,10,4,9,1,,IA-CIVUS 0.13,,
A0090,90,BU2,027,50,383,40,40,0,4.0,4.0,7196030002,7116509602,2,2,,,,,,,,,,,,,,,,,,,,,,,,10,4,9,1,,IA-CIVUS 0.13,,
A0100,100,BU2,027,50,413,40,40,0,4.0,4.0,7196030002,7116509602,2,2,,,,,,,,,,,,,,,,,,,,,,,,10,4,9,1,,IA-CIVUS 0.13,,
A0110,110,BU2,027,40,393,40,40,0,4.0,4.0,7196030002,7116509602,2,2,,,,,,,,,,,,,,,,,,,,,,,,10,4,9,1,,IA-CIVUS 0.13,,
A0120,120,BU2,027,40,1739,40,40,0,4.0,4.0,7196030002,7116509602,2,2,,,,,,,,,,,,,,,,,,,,,,,,10,4,9,1,,IA-CIVUS 0.13,,
A0125,125,BU2,027,40,1739,40,40,0,4.0,4.0,7196030002,7116509602,2,2,,,,,,,,,,,,,,,,,,,,,,,,10,4,9,1,,IA-CIVUS 0.13,,
A0130,130,BU2,027,40,383,40,40,0,4.0,4.0,7196030002,7116509602,2,2,,,,,,,,,,,,,,,,,,,,,,,,10,4,9,1,,IA-CIVUS 0.13,,
A0150,150,BU2,027,80,393,40,40,0,4.0,4.0,7196030002,7116509602,2,2,,,,,,,,,,,,,,,,,,,,,,,,10,4,9,1,,IA-CIVUS 0.13,,
A0160,160,BU2,027,80,383,40,40,0,4.0,4.0,7196030002,7116509602,2,2,,,,,,,,,,,,,,,,,,,,,,,,10,4,9,1,,IA-CIVUS 0.13,,
A0170,170,BU2,027,80,1891,40,40,0,4.0,4.0,7196030002,7196030002,2,2,,,,,,,,,,,,,,,,,,,,,,,,10,4,9,1,,IA-CIVUS 0.13,,
A0175,175,BU2,027,80,1951,40,40,0,4.0,4.0,7196030002,7196030002,2,2,,,,,,,,,,,,,,,,,,,,,,,,10,4,9,1,,IA-CIVUS 0.13,,
A0180,180,BU2,027,60,1891,40,40,0,4.0,4.0,7196030002,7196030002,2,2,,,,,,,,,,,,,,,,,,,,,,,,10,4,9,1,,IA-CIVUS 0.13,,
A0181,181,BU2,027,60,1349,40,40,0,4.0,4.0,7196030002,7196030002,2,2,,,,,,,,,,,,,,,,,,,,,,,,10,4,9,1,,IA-CIVUS 0.13,,,0,2,0,2,,,
A0183,183,BU2,027,60,1289,40,40,0,4.0,4.0,7196030002,7196030002,2,2,,,,,,,,,,,,,,,,,,,,,,,,10,4,9,1,,IA-CIVUS 0.13,,,0,2,0,2,,,
A0185,185,BU2,027,60,1949,40,40,0,4.0,4.0,7196030002,7196030002,2,2,,,,,,,,,,,,,,,,,,,,,,,,10,4,9,1,,IA-CIVUS 0.13,,
A0187,187,BU2,027,60,1303,40,40,0,4.0,4.0,7196030002,7196030002,2,2,,,,,,,,,,,,,,,,,,,,,,,,10,4,9,1,,IA-CIVUS 0.13,,,0,2,0,2,,,
A0190,190,BU2,027,61,1891,40,40,0,4.0,4.0,7196030002,7196030002,2,2,,,,,,,,,,,,,,,,,,,,,,,,10,4,9,1,,IA-CIVUS 0.13,,
A0200,200,BU2,027,61,1951,40,40,0,4.0,4.0,7196030002,7196030002,2,2,,,,,,,,,,,,,,,,,,,,,,,,10,4,9,1,,IA-CIVUS 0.13,,
A0230,230,BU2,027,91,887,40,40,0,4.0,4.0,7196030002,7196030002,2,2,,,,,,,,,,,,,,,,,,,,,,,,10,4,9,1,,IA-CIVUS 0.13,,
A0240,240,BU2,027,91,1072,40,40,0,4.0,4.0,7196030002,7196030002,2,2,,,,,,,,,,,,,,,,,,,,,,,,10,4,9,1,,IA-CIVUS 0.13,,
A0250,250,BU2,027,5U,1297,40,40,0,4.0,4.0,7196030002,7196030002,2,2,,,,,,,,,,,,,,,,,,,,,,,,10,4,9,1,,IA-CIVUS 0.13,,,0,2,0,2,,,
A0253,253,BU2,027,5U,1357,40,40,0,4.0,4.0,7196030002,7196030002,2,2,,,,,,,,,,,,,,,,,,,,,,,,10,4,9,1,,IA-CIVUS 0.13,,,0,2,0,2,,,
A0255,255,BU2,027,5U,1306,40,40,0,4.0,4.0,7196030002,7196030002,2,2,,,,,,,,,,,,,,,,,,,,,,,,10,4,9,1,,IA-CIVUS 0.13,,,0,2,0,2,,,
A0260,260,BU2,027,52,1291,40,40,0,4.0,4.0,7196030002,7196030002,2,2,,,,,,,,,,,,,,,,,,,,,,,,10,4,9,1,,IA-CIVUS 0.13,,,0,2,0,2,,,
A0263,263,BU2,027,52,1351,40,40,0,4.0,4.0,7196030002,7196030002,2,2,,,,,,,,,,,,,,,,,,,,,,,,10,4,9,1,,IA-CIVUS 0.13,,,0,2,0,2,,,
A0265,265,BU2,027,52,1301,40,40,0,4.0,4.0,7196030002,7196030002,2,2,,,,,,,,,,,,,,,,,,,,,,,,10,4,9,1,,IA-CIVUS 0.13,,,0,2,0,2,,,
A0270,270,BU2,027,80,1916,40,40,0,4.0,4.0,7196030002,7116753102,2,2,,,,,,,,,,,,,,,,,,,,,,,,10,4,9,1,,IA-CIVUS 0.13,,,0,2,0,2,,,
A0275,275,BU2,027,80,2361,40,40,0,4.0,4.0,7196030002,7116753102,2,2,,,,,,,,,,,,,,,,,,,,,,,,10,4,9,1,,IA-CIVUS 0.13,,,0,2,0,2,,,
A0280,280,BU2,027,90,1914,40,40,0,4.0,4.0,7196030002,7116753102,2,2,,,,,,,,,,,,,,,,,,,,,,,,10,4,9,1,,IA-CIVUS 0.13,,,0,2,0,2,,,
A0285,285,BU2,027,90,2359,40,40,0,4.0,4.0,7196030002,7116753102,2,2,,,,,,,,,,,,,,,,,,,,,,,,10,4,9,1,,IA-CIVUS 0.13,,,0,2,0,2,,,
A0290,290,BU2,027,60,1919,40,40,0,4.0,4.0,7196030002,7116753102,2,2,,,,,,,,,,,,,,,,,,,,,,,,10,4,9,1,,IA-CIVUS 0.13,,,0,2,0,2,,,
A0300,300,BU2,027,60,2359,40,40,0,4.0,4.0,7196030002,7116753102,2,2,,,,,,,,,,,,,,,,,,,,,,,,10,4,9,1,,IA-CIVUS 0.13,,,0,2,0,2,,,
A0353,353,1R7,069,80,431,40,40,0,4.0,4.0,7116483202,7196029002,2,2,,,,,,,,,,,,,,,,,,,,,,,,10,4,9,1,,CIVUS 0.35,,
A0355,355,1R7,069,80,1676,40,40,0,4.0,4.0,7116483202,7196029002,2,2,,,,,,,,,,,,,,,,,,,,,,,,10,4,9,1,,CIVUS 0.35,,
A0370,370,1R7,069,41,1415,40,40,0,4.0,4.0,7116483202,7196029002,2,2,,,,,,,,,,,,,,,,,,,,,,,,10,4,9,1,,CIVUS 0.35,,
A0375,375,1R7,069,41,1033,40,40,0,4.0,4.0,7116483202,7196029002,2,2,,,,,,,,,,,,,,,,,,,,,,,,10,4,9,1,,CIVUS 0.35,,
A0510,510,1R7,069,90,1512,40,40,0,4.0,4.0,7116483202,7196029002,2,2,,,,,,,,,,,,,,,,,,,,,,,,10,4,9,1,,CIVUS 0.35,,
A0520,520,1R7,069,90,1060,40,40,0,4.0,4.0,7116483202,7196029002,2,2,,,,,,,,,,,,,,,,,,,,,,,,10,4,9,1,,CIVUS 0.35,,
A0525,525,1R7,069,90,1135,40,40,0,4.0,4.0,7116483202,7196029002,2,2,,,,,,,,,,,,,,,,,,,,,,,,10,4,9,1,,CIVUS 0.35,,
A0530,530,1R7,069,90,1330,40,40,0,4.0,4.0,7116483202,7196029002,2,2,,,,,,,,,,,,,,,,,,,,,,,,10,4,9,1,,CIVUS 0.35,,
A0540,540,1R7,069,90,1358,40,40,0,4.0,4.0,7116483202,7196029002,2,2,,,,,,,,,,,,,,,,,,,,,,,,10,4,9,1,,CIVUS 0.35,,
A0550,550,1R7,069,90,594,40,40,0,4.0,4.0,7116483202,7196029002,2,2,,,,,,,,,,,,,,,,,,,,,,,,10,4,9,1,,CIVUS 0.35,,
A0560,560,1R7,069,90,413,40,40,0,4.0,4.0,7116483202,7196029002,2,2,,,,,,,,,,,,,,,,,,,,,,,,10,4,9,1,,CIVUS 0.35,,
A0610,610,1R7,069,90,805,40,40,0,4.0,4.0,7116483202,7196029002,2,2,,,,,,,,,,,,,,,,,,,,,,,,10,4,9,1,,CIVUS 0.35,,
A0630,630,1R7,069,61,1335,40,40,0,4.0,4.0,7116483202,7196029002,2,2,,,,,,,,,,,,,,,,,,,,,,,,10,4,9,1,,CIVUS 0.35,,
A0633,633,1R7,069,61,431,40,40,0,4.0,4.0,7116483202,7196029002,2,2,,,,,,,,,,,,,,,,,,,,,,,,10,4,9,1,,CIVUS 0.35,,
A0635,635,1R7,069,61,606,40,40,0,4.0,4.0,7116483202,7196029002,2,2,,,,,,,,,,,,,,,,,,,,,,,,10,4,9,1,,CIVUS 0.35,,
A0640,640,1R7,069,61,383,40,40,0,4.0,4.0,7116483202,7196029002,2,2,,,,,,,,,,,,,,,,,,,,,,,,10,4,9,1,,CIVUS 0.35,,
A0650,650,1R7,069,52,1358,40,40,0,4.0,4.0,7116483202,7196029002,2,2,,,,,,,,,,,,,,,,,,,,,,,,10,4,9,1,,CIVUS 0.35,,
A0655,655,1R7,069,52,1135,40,40,0,4.0,4.0,7116483202,7196029002,2,2,,,,,,,,,,,,,,,,,,,,,,,,10,4,9,1,,CIVUS 0.35,,
A0660,660,1R7,069,52,594,40,40,0,4.0,4.0,7116483202,7196029002,2,2,,,,,,,,,,,,,,,,,,,,,,,,10,4,9,1,,CIVUS 0.35,,
A0670,670,1R7,069,52,2005,40,40,0,4.0,4.0,7116483202,7196029002,2,2,,,,,,,,,,,,,,,,,,,,,,,,10,4,9,1,,CIVUS 0.35,,
A0680,680,1R7,069,52,1060,40,40,0,4.0,4.0,7116483202,7196029002,2,2,,,,,,,,,,,,,,,,,,,,,,,,10,4,9,1,,CIVUS 0.35,,
A0690,690,1R7,069,52,1180,40,40,0,4.0,4.0,7116483202,7196029002,2,2,,,,,,,,,,,,,,,,,,,,,,,,10,4,9,1,,CIVUS 0.35,,
A0700,700,1R7,069,52,1330,40,40,0,4.0,4.0,7116483202,7196029002,2,2,,,,,,,,,,,,,,,,,,,,,,,,10,4,9,1,,CIVUS 0.35,,
A0710,710,1R7,069,52,2017,40,40,0,4.0,4.0,7116483202,7196029002,2,2,,,,,,,,,,,,,,,,,,,,,,,,10,4,9,1,,CIVUS 0.35,,
A0780,780,1R7,069,52,805,40,40,0,4.0,4.0,7116483202,7196029002,2,2,,,,,,,,,,,,,,,,,,,,,,,,10,4,9,1,,CIVUS 0.35,,
A0885,885,1R7,069,91,258,40,40,0,4.0,4.0,7116483202,7196029002,2,2,,,,,,,,,,,,,,,,,,,,,,,,10,4,9,1,,CIVUS 0.35,,
A0895,895,1R7,069,91,1748,40,40,0,4.0,4.0,7116483202,7196029002,2,2,,,,,,,,,,,,,,,,,,,,,,,,10,4,9,1,,CIVUS 0.35,,
A0910,910,1R7,069,92,1415,40,40,0,4.0,4.0,7116483202,7196029002,2,2,,,,,,,,,,,,,,,,,,,,,,,,10,4,9,1,,CIVUS 0.35,,
A0915,915,1R7,069,92,603,40,40,0,4.0,4.0,7116483202,7196029002,2,2,,,,,,,,,,,,,,,,,,,,,,,,10,4,9,1,,CIVUS 0.35,,
A0920,920,1R7,069,92,1741,40,40,0,4.0,4.0,7116483202,7196029002,2,2,,,,,,,,,,,,,,,,,,,,,,,,10,4,9,1,,CIVUS 0.35,,
A0925,925,1R7,069,92,428,40,40,0,4.0,4.0,7116483202,7196029002,2,2,,,,,,,,,,,,,,,,,,,,,,,,10,4,9,1,,CIVUS 0.35,,
A0955,955,1R7,069,70,606,40,40,0,4.0,4.0,7116483202,7196029002,2,2,,,,,,,,,,,,,,,,,,,,,,,,10,4,9,1,,CIVUS 0.35,,
A0965,965,1R7,069,70,431,40,40,0,4.0,4.0,7116483202,7196029002,2,2,,,,,,,,,,,,,,,,,,,,,,,,10,4,9,1,,CIVUS 0.35,,
A1023,1023,1R7,069,60,431,40,40,0,4.0,4.0,7116483202,7196029002,2,2,,,,,,,,,,,,,,,,,,,,,,,,10,4,9,1,,CIVUS 0.35,,
A1025,1025,1R7,069,60,1676,40,40,0,4.0,4.0,7116483202,7196029002,2,2,,,,,,,,,,,,,,,,,,,,,,,,10,4,9,1,,CIVUS 0.35,,
A1035,1035,1R7,069,60,1033,40,40,0,4.0,4.0,7116483202,7196029002,2,2,,,,,,,,,,,,,,,,,,,,,,,,10,4,9,1,,CIVUS 0.35,,
A1040,1040,1R7,069,60,2047,40,40,0,4.0,4.0,7116483202,7196029002,2,2,,,,,,,,,,,,,,,,,,,,,,,,10,4,9,1,,CIVUS 0.35,,
A1050,1050,1R7,069,60,1056,40,40,0,4.0,4.0,7116483202,7196029002,2,2,,,,,,,,,,,,,,,,,,,,,,,,10,4,9,1,,CIVUS 0.35,,
A1080,1080,1R7,069,60,989,40,40,0,4.0,4.0,7116483202,7196029002,2,2,,,,,,,,,,,,,,,,,,,,,,,,10,4,9,1,,CIVUS 0.35,,
A1113,1113,1R7,069,60,1524,40,40,0,15.0,4.0,BONDER,7196029002,Y,2,,,,,,,,,,,,,,,,,,,,,,,,10,4,9,1,,CIVUS 0.35,,
A1115,1115,1R7,069,60,1144,40,40,0,15.0,4.0,BONDER,7196029002,Y,2,,,,,,,,,,,,,,,,,,,,,,,,10,4,9,1,,CIVUS 0.35,,
A1170,1170,1R7,069,80,989,40,40,0,4.0,4.0,7116483202,7196029002,2,2,,,,,,,,,,,,,,,,,,,,,,,,10,4,9,1,,CIVUS 0.35,,
B0855,855,F76,027,80,6375,30,30,0,4.0,4.25,7116728902,7114729002,2,2,,,,,,,,,,,,,,,,,,,,,,,,11,4,9,2,,CHFUS 0.13,,
B0860,860,F76,027,80,6125,30,30,0,4.0,4.25,7116728902,7114729002,2,2,,,,,,,,,,,,,,,,,,,,,,,,11,4,9,2,,CHFUS 0.13,,
B0870,870,F76,027,80,6370,30,30,0,4.0,4.25,7116728902,7114729002,2,2,,,,,,,,,,,,,,,,,,,,,,,,11,4,9,2,,CHFUS 0.13,,
B0880,880,F76,027,80,6515,30,30,0,4.0,4.25,7116728902,7114729002,2,2,,,,,,,,,,,,,,,,,,,,,,,,11,4,9,2,,CHFUS 0.13,,
B0890,890,F76,027,80,390,30,30,0,4.0,4.25,7116728902,7114729002,2,2,,,,,,,,,,,,,,,,,,,,,,,,11,4,9,2,,CHFUS 0.13,,
B0900,900,F76,027,92,6370,30,30,0,4.0,4.25,7116728902,7114729002,2,2,,,,,,,,,,,,,,,,,,,,,,,,11,4,9,2,,CHFUS 0.13,,
B0910,910,F76,027,92,400,30,30,0,4.0,4.25,7116728902,7114729002,2,2,,,,,,,,,,,,,,,,,,,,,,,,11,4,9,2,,CHFUS 0.13,,
B0930,930,F76,027,92,400,30,30,0,4.0,4.25,7116728902,7114729002,2,2,,,,,,,,,,,,,,,,,,,,,,,,11,4,9,2,,CHFUS 0.13,,
B0940,940,F76,027,92,6505,30,30,0,4.0,4.25,7116728902,7114729002,2,2,,,,,,,,,,,,,,,,,,,,,,,,11,4,9,2,,CHFUS 0.13,,
B0955,955,F76,027,70,6375,30,30,0,4.0,4.25,7116728902,7114729002,2,2,,,,,,,,,,,,,,,,,,,,,,,,11,4,9,2,,CHFUS 0.13,,
B0960,960,F76,027,70,6125,30,30,0,4.0,4.25,7116728902,7114729002,2,2,,,,,,,,,,,,,,,,,,,,,,,,11,4,9,2,,CHFUS 0.13,,
B0970,970,F76,027,70,6380,30,30,0,4.0,4.25,7116728902,7114729002,2,2,,,,,,,,,,,,,,,,,,,,,,,,11,4,9,2,,CHFUS 0.13,,
B0980,980,F76,027,70,6515,30,30,0,4.0,4.25,7116728902,7114729002,2,2,,,,,,,,,,,,,,,,,,,,,,,,11,4,9,2,,CHFUS 0.13,,
B0990,990,F76,027,70,390,30,30,0,4.0,4.25,7116728902,7114729002,2,2,,,,,,,,,,,,,,,,,,,,,,,,11,4,9,2,,CHFUS 0.13,,
A9000,9000,1R7,069,50,80,3,3,0,10.0,10.0,STRIP ONLY,STRIP ONLY,Y,Y,,,,,,,,,,,,,,,,,,,,,,,,10,4,9,1,,CIVUS 0.35,,
A9010,9010,1R7,069,50,700,1,1,0,15.0,15.0,STRIP ONLY,STRIP ONLY,Y,Y,,,,,,,,,,,,,,,,,,,,,,,,10,4,9,1,,CIVUS 0.35,,
A9020,9020,BU2,027,40,80,3,3,0,10.0,10.0,STRIP ONLY,STRIP ONLY,Y,Y,,,,,,,,,,,,,,,,,,,,,,,,10,4,9,1,,IA-CIVUS 0.13,,
A9030,9030,BU2,027,40,700,1,1,0,15.0,15.0,STRIP ONLY,STRIP ONLY,Y,Y,,,,,,,,,,,,,,,,,,,,,,,,10,4,9,1,,IA-CIVUS 0.13,,
B9000,9000,F76,027,92,80,30,30,0,10.0,10.0,STRIP ONLY,STRIP ONLY,Y,Y,,,,,,,,,,,,,,,,,,,,,,,,11,4,9,2,,CHFUS 0.13,,
B9010,9010,F76,027,92,700,30,30,0,15.0,15.0,STRIP ONLY,STRIP ONLY,Y,Y,,,,,,,,,,,,,,,,,,,,,,,,11,4,9,2,,CHFUS 0.13,,
A0040,40,BU2,027,60,2069,40,40,0,4.35,4,7116681002,7116509602,2,2,,,,0,0,0,0,0,0,0,0,0,0,0,0,0,0,0,0,0,0,0,2,**21,4,9,1,,IA-CIVUS-0.13,,,0,2.35,0,2,,,,
A0050,50,BU2,027,60,2285,40,40,0,4.35,4,7116681002,7116509602,2,2,,,,0,0,0,0,0,0,0,0,0,0,0,0,0,0,0,0,0,0,0,2,**21,4,9,1,,IA-CIVUS-0.13,,,0,2.35,0,2,,,,
A0060,60,BU2,027,60,2117,40,40,0,4.35,4,7116681002,7116509602,2,2,,,,0,0,0,0,0,0,0,0,0,0,0,0,0,0,0,0,0,0,0,2,**21,4,9,1,,IA-CIVUS-0.13,,,0,2.35,0,2,,,,
A0070,70,BU2,027,60,2334,40,40,0,4.35,4,7116681002,7116509602,2,2,,,,0,0,0,0,0,0,0,0,0,0,0,0,0,0,0,0,0,0,0,2,**21,4,9,1,,IA-CIVUS-0.13,,,0,2.35,0,2,,,,
A0071,71,BU2,027,60,2100,40,40,0,4.35,4,7116681002,7116509602,2,2,,,,0,0,0,0,0,0,0,0,0,0,0,0,0,0,0,0,0,0,0,2,**21,4,9,1,,IA-CIVUS-0.13,,,0,2.35,0,2,,,,
A0072,72,BU2,027,60,2317,40,40,0,4.35,4,7116681002,7116509602,2,2,,,,0,0,0,0,0,0,0,0,0,0,0,0,0,0,0,0,0,0,0,2,**21,4,9,1,,IA-CIVUS-0.13,,,0,2.35,0,2,,,,
A0073,73,BU2,027,60,2120,40,40,0,4.35,4,7116681002,7116509602,2,2,,,,0,0,0,0,0,0,0,0,0,0,0,0,0,0,0,0,0,0,0,2,**21,4,9,1,,IA-CIVUS-0.13,,,0,2.35,0,2,,,,
A0074,74,BU2,027,60,2312,40,40,0,4.35,4,7116681002,7116509602,2,2,,,,0,0,0,0,0,0,0,0,0,0,0,0,0,0,0,0,0,0,0,2,**21,4,9,1,,IA-CIVUS-0.13,,,0,2.35,0,2,,,,
A0100,100,BU2,027,60,2100,40,40,0,4.35,4,7116681002,7116509602,2,2,,,,0,0,0,0,0,0,0,0,0,0,0,0,0,0,0,0,0,0,0,2,**21,4,9,1,,IA-CIVUS-0.13,,,0,2.35,0,2,,,,
A0110,110,BU2,027,60,2317,40,40,0,4.35,4,7116681002,7116509602,2,2,,,,0,0,0,0,0,0,0,0,0,0,0,0,0,0,0,0,0,0,0,2,**21,4,9,1,,IA-CIVUS-0.13,,,0,2.35,0,2,,,,
A0115,115,BU2,027,50,1804,40,40,0,4.35,4,7116681002,7116509602,2,2,,,,0,0,0,0,0,0,0,0,0,0,0,0,0,0,0,0,0,0,0,2,**21,4,9,1,,IA-CIVUS-0.13,,,0,2.35,0,2,,,,
A0116,116,BU2,027,50,1800,40,40,0,4.35,4,7116681002,7116509602,2,2,,,,0,0,0,0,0,0,0,0,0,0,0,0,0,0,0,0,0,0,0,2,**21,4,9,1,,IA-CIVUS-0.13,,,0,2.35,0,2,,,,
A0117,117,BU2,027,50,1826,40,40,0,4.35,4,7116681002,7116509602,2,2,,,,0,0,0,0,0,0,0,0,0,0,0,0,0,0,0,0,0,0,0,2,**21,4,9,1,,IA-CIVUS-0.13,,,0,2.35,0,2,,,,
A0120,120,BU2,027,50,1800,40,40,0,4.35,4,7116681002,7116509602,2,2,,,,0,0,0,0,0,0,0,0,0,0,0,0,0,0,0,0,0,0,0,2,**21,4,9,1,,IA-CIVUS-0.13,,,0,2.35,0,2,,,,
A0140,140,BU2,027,40,2293,40,40,0,4.35,4,7116681002,7116509602,2,2,,,,0,0,0,0,0,0,0,0,0,0,0,0,0,0,0,0,0,0,0,2,**21,4,9,1,,IA-CIVUS-0.13,,,0,2.35,0,2,,,,
A0150,150,BU2,027,40,2343,40,40,0,4.35,4,7116681002,7116509602,2,2,,,,0,0,0,0,0,0,0,0,0,0,0,0,0,0,0,0,0,0,0,2,**21,4,9,1,,IA-CIVUS-0.13,,,0,2.35,0,2,,,,
A0151,151,BU2,027,40,509,40,40,0,4.35,4,7116681002,7116509602,2,2,,,,0,0,0,0,0,0,0,0,0,0,0,0,0,0,0,0,0,0,0,2,**21,4,9,1,,IA-CIVUS-0.13,,,0,2.35,0,2,,,,
A0152,152,BU2,027,40,2325,40,40,0,4.35,4,7116681002,7116509602,2,2,,,,0,0,0,0,0,0,0,0,0,0,0,0,0,0,0,0,0,0,0,2,**21,4,9,1,,IA-CIVUS-0.13,,,0,2.35,0,2,,,,
A0153,153,BU2,027,40,505,40,40,0,4.35,4,7116681002,7116509602,2,2,,,,0,0,0,0,0,0,0,0,0,0,0,0,0,0,0,0,0,0,0,2,**21,4,9,1,,IA-CIVUS-0.13,,,0,2.35,0,2,,,,
A0154,154,BU2,027,40,2345,40,40,0,4.35,4,7116681002,7116509602,2,2,,,,0,0,0,0,0,0,0,0,0,0,0,0,0,0,0,0,0,0,0,2,**21,4,9,1,,IA-CIVUS-0.13,,,0,2.35,0,2,,,,
A0160,160,BU2,027,40,510,40,40,0,4.35,4,7116681002,7116509602,2,2,,,,0,0,0,0,0,0,0,0,0,0,0,0,0,0,0,0,0,0,0,2,**21,4,9,1,,IA-CIVUS-0.13,,,0,2.35,0,2,,,,
A0180,180,BU2,027,40,509,40,40,0,4.35,4,7116681002,7116509602,2,2,,,,0,0,0,0,0,0,0,0,0,0,0,0,0,0,0,0,0,0,0,2,**21,4,9,1,,IA-CIVUS-0.13,,,0,2.35,0,2,,,,
A0190,190,BU2,027,40,2325,40,40,0,4.35,4,7116681002,7116509602,2,2,,,,0,0,0,0,0,0,0,0,0,0,0,0,0,0,0,0,0,0,0,2,**21,4,9,1,,IA-CIVUS-0.13,,,0,2.35,0,2,,,,
A0200,200,BU2,027,40,2255,40,40,0,4.35,4,7116681002,7114509602,2,2,,,,0,0,0,0,0,0,0,0,0,0,0,0,0,0,0,0,0,0,0,2,**21,4,9,1,,IA-CIVUS-0.13,,,0,2.35,0,2,,,,
A0210,210,BU2,027,90,2258,40,40,0,4.35,4,7116681002,7114509602,2,2,,,,0,0,0,0,0,0,0,0,0,0,0,0,0,0,0,0,0,0,0,2,**21,4,9,1,,IA-CIVUS-0.13,,,0,2.35,0,2,,,,
A0220,220,BU2,027,90,1647,40,40,0,4,4,7116509602,7114509602,2,2,,,,0,0,0,0,0,0,0,0,0,0,0,0,0,0,0,0,0,0,0,2,**21,4,9,1,,IA-CIVUS-0.13,,,0,2,0,2,,,,
A0230,230,BU2,027,90,2390,40,40,0,4,4,7116509602,7114509602,2,2,,,,0,0,0,0,0,0,0,0,0,0,0,0,0,0,0,0,0,0,0,2,**21,4,9,1,,IA-CIVUS-0.13,,,0,2,0,2,,,,
A0270,270,BU2,027,30,1147,40,40,0,4,4,7116509602,7114509602,2,2,,,,0,0,0,0,0,0,0,0,0,0,0,0,0,0,0,0,0,0,0,2,**21,4,9,1,,IA-CIVUS-0.13,,,0,2,0,2,,,,
A0280,280,BU2,027,30,2461,40,40,0,4,4,7116509602,7114509602,2,2,,,,0,0,0,0,0,0,0,0,0,0,0,0,0,0,0,0,0,0,0,2,**21,4,9,1,,IA-CIVUS-0.13,,,0,2,0,2,,,,
A0281,281,BU2,027,30,2461,40,40,0,4,4,7116509602,7114509602,2,2,,,,0,0,0,0,0,0,0,0,0,0,0,0,0,0,0,0,0,0,0,2,**21,4,9,1,,IA-CIVUS-0.13,,,0,2,0,2,,,,
A0282,282,BU2,027,30,2481,40,40,0,4,4,7116509602,7114509602,2,2,,,,0,0,0,0,0,0,0,0,0,0,0,0,0,0,0,0,0,0,0,2,**21,4,9,1,,IA-CIVUS-0.13,,,0,2,0,2,,,,
A0290,290,BU2,027,30,2462,40,40,0,4,4,7116509602,7114509602,2,2,,,,0,0,0,0,0,0,0,0,0,0,0,0,0,0,0,0,0,0,0,2,**21,4,9,1,,IA-CIVUS-0.13,,,0,2,0,2,,,,
A0300,300,BU2,027,30,2391,40,40,0,4,4,7116509602,7114509602,2,2,,,,0,0,0,0,0,0,0,0,0,0,0,0,0,0,0,0,0,0,0,2,**21,4,9,1,,IA-CIVUS-0.13,,,0,2,0,2,,,,
A0310,310,BU2,027,70,2247,40,40,0,4,4,7116509602,7114509602,2,2,,,,0,0,0,0,0,0,0,0,0,0,0,0,0,0,0,0,0,0,0,2,**21,4,9,1,,IA-CIVUS-0.13,,,0,2,0,2,,,,
A0340,340,BU2,027,61,2391,40,40,0,4,4,7116509602,7114509602,2,2,,,,0,0,0,0,0,0,0,0,0,0,0,0,0,0,0,0,0,0,0,2,**21,4,9,1,,IA-CIVUS-0.13,,,0,2,0,2,,,,
A0350,350,BU2,027,61,2471,40,40,0,4,4,7116509602,7114509602,2,2,,,,0,0,0,0,0,0,0,0,0,0,0,0,0,0,0,0,0,0,0,2,**21,4,9,1,,IA-CIVUS-0.13,,,0,2,0,2,,,,
A0360,360,BU2,027,52,1561,40,40,0,4,4,7116509602,7114509602,2,2,,,,0,0,0,0,0,0,0,0,0,0,0,0,0,0,0,0,0,0,0,2,**21,4,9,1,,IA-CIVUS-0.13,,,0,2,0,2,,,,
A0380,380,BU2,027,52,2240,40,40,0,4,4,7116509602,7114509602,2,2,,,,0,0,0,0,0,0,0,0,0,0,0,0,0,0,0,0,0,0,0,2,**21,4,9,1,,IA-CIVUS-0.13,,,0,2,0,2,,,,
A0390,390,BU2,027,50,1806,40,40,0,4,4,7116509602,7114509602,2,2,,,,0,0,0,0,0,0,0,0,0,0,0,0,0,0,0,0,0,0,0,2,**21,4,9,1,,IA-CIVUS-0.13,,,0,2,0,2,,,,
A0400,400,BU2,027,50,2238,40,40,0,4,4,7116509602,7114509602,2,2,,,,0,0,0,0,0,0,0,0,0,0,0,0,0,0,0,0,0,0,0,2,**21,4,9,1,,IA-CIVUS-0.13,,,0,2,0,2,,,,
A0410,410,BU2,027,91,2244,40,40,0,4,4,7116509602,7114509602,2,2,,,,0,0,0,0,0,0,0,0,0,0,0,0,0,0,0,0,0,0,0,2,**21,4,9,1,,IA-CIVUS-0.13,,,0,2,0,2,,,,
A0420,420,BU2,027,91,1147,40,40,0,4,4,7116509602,7114509602,2,2,,,,0,0,0,0,0,0,0,0,0,0,0,0,0,0,0,0,0,0,0,2,**21,4,9,1,,IA-CIVUS-0.13,,,0,2,0,2,,,,
A0430,430,BU2,027,92,2245,40,40,0,4,4,7116509602,7114509602,2,2,,,,0,0,0,0,0,0,0,0,0,0,0,0,0,0,0,0,0,0,0,2,**21,4,9,1,,IA-CIVUS-0.13,,,0,2,0,2,,,,
A0440,440,BU2,027,40,1647,40,40,0,4,4,7116509602,7114509602,2,2,,,,0,0,0,0,0,0,0,0,0,0,0,0,0,0,0,0,0,0,0,2,**21,4,9,1,,IA-CIVUS-0.13,,,0,2,0,2,,,,
A0441,441,BU2,027,40,2442,40,40,0,4,4,7116509602,7114509602,2,2,,,,0,0,0,0,0,0,0,0,0,0,0,0,0,0,0,0,0,0,0,2,**21,4,9,1,,IA-CIVUS-0.13,,,0,2,0,2,,,,
A0450,450,BU2,027,40,2363,40,40,0,4,4,7116509602,7114509602,2,2,,,,0,0,0,0,0,0,0,0,0,0,0,0,0,0,0,0,0,0,0,2,**21,4,9,1,,IA-CIVUS-0.13,,,0,2,0,2,,,,
A0460,460,BU2,027,40,2442,40,40,0,4,4,7116509602,7114509602,2,2,,,,0,0,0,0,0,0,0,0,0,0,0,0,0,0,0,0,0,0,0,2,**21,4,9,1,,IA-CIVUS-0.13,,,0,2,0,2,,,,
A0470,470,BU2,027,60,1561,40,40,0,4,4,7116509602,7114509602,2,2,,,,0,0,0,0,0,0,0,0,0,0,0,0,0,0,0,0,0,0,0,2,**21,4,9,1,,IA-CIVUS-0.13,,,0,2,0,2,,,,
A0480,480,BU2,027,60,2390,40,40,0,4,4,7116509602,7114509602,2,2,,,,0,0,0,0,0,0,0,0,0,0,0,0,0,0,0,0,0,0,0,2,**21,4,9,1,,IA-CIVUS-0.13,,,0,2,0,2,,,,
A0490,490,BU2,027,60,2363,40,40,0,4,4,7116509602,7114509602,2,2,,,,0,0,0,0,0,0,0,0,0,0,0,0,0,0,0,0,0,0,0,2,**21,4,9,1,,IA-CIVUS-0.13,,,0,2,0,2,,,,
A0491,491,BU2,027,60,2442,40,40,0,4,4,7116509602,7114509602,2,2,,,,0,0,0,0,0,0,0,0,0,0,0,0,0,0,0,0,0,0,0,2,**21,4,9,1,,IA-CIVUS-0.13,,,0,2,0,2,,,,
A0500,500,BU2,027,60,2442,40,40,0,4,4,7116509602,7114509602,2,2,,,,0,0,0,0,0,0,0,0,0,0,0,0,0,0,0,0,0,0,0,2,**21,4,9,1,,IA-CIVUS-0.13,,,0,2,0,2,,,,
A0510,510,BU2,027,60,2248,40,40,0,4,4,7116509602,7114509602,2,2,,,,0,0,0,0,0,0,0,0,0,0,0,0,0,0,0,0,0,0,0,2,**21,4,9,1,,IA-CIVUS-0.13,,,0,2,0,2,,,,
A0511,511,BU2,027,60,3142,40,40,0,4,5,7116509602,7116680402,2,2,,7158389330,,0,0,0,0,0,0,0,0,0,0,0,0,0,0,0,0,0,0,0,2,**21,4,9,1,,IA-CIVUS-0.13,,,0,2,0,3,,,,
A0512,512,BU2,027,60,3286,40,40,0,4,5,7116509602,7116680402,2,2,,7158389330,,0,0,0,0,0,0,0,0,0,0,0,0,0,0,0,0,0,0,0,2,**21,4,9,1,,IA-CIVUS-0.13,,,0,2,0,3,,,,
A0513,513,BU2,027,60,3295,40,40,0,4,5,7116509602,7116680402,2,2,,7158389330,,0,0,0,0,0,0,0,0,0,0,0,0,0,0,0,0,0,0,0,2,**21,4,9,1,,IA-CIVUS-0.13,,,0,2,0,3,,,,
A0514,514,BU2,027,60,3304,40,40,0,4,5,7116509602,7116680402,2,2,,7158389330,,0,0,0,0,0,0,0,0,0,0,0,0,0,0,0,0,0,0,0,2,**21,4,9,1,,IA-CIVUS-0.13,,,0,2,0,3,,,,
A0515,515,BU2,027,60,3295,40,40,0,4,5,7116509602,7116680402,2,2,,7158389330,,0,0,0,0,0,0,0,0,0,0,0,0,0,0,0,0,0,0,0,2,**21,4,9,1,,IA-CIVUS-0.13,,,0,2,0,3,,,,
A0860,860,BU2,027,61,3513,40,40,0,4,4,7116509602,7196110202,2,2,,7172562980,,0,0,0,0,0,0,0,0,0,0,0,0,0,0,0,0,0,0,0,2,**21,4,9,1,,IA-CIVUS-0.13,,,0,2,0,2,,,,
A0870,870,BU2,027,61,3513,40,40,0,4,4,7116509602,7196110202,2,2,,7172562980,,0,0,0,0,0,0,0,0,0,0,0,0,0,0,0,0,0,0,0,2,**21,4,9,1,,IA-CIVUS-0.13,,,0,2,0,2,,,,
A0880,880,BU2,027,61,3510,40,40,0,4,4,7116509602,7196110202,2,2,,7172562980,,0,0,0,0,0,0,0,0,0,0,0,0,0,0,0,0,0,0,0,2,**21,4,9,1,,IA-CIVUS-0.13,,,0,2,0,2,,,,
A0900,900,BU2,027,92,3510,40,40,0,4,4,7116509602,7196110202,2,2,,7172562980,,0,0,0,0,0,0,0,0,0,0,0,0,0,0,0,0,0,0,0,2,**21,4,9,1,,IA-CIVUS-0.13,,,0,2,0,2,,,,
A0901,901,BU2,027,92,3513,40,40,0,4,4,7116509602,7196110202,2,2,,7172562980,,0,0,0,0,0,0,0,0,0,0,0,0,0,0,0,0,0,0,0,2,**21,4,9,1,,IA-CIVUS-0.13,,,0,2,0,2,,,,
A0902,902,BU2,027,92,3513,40,40,0,4,4,7116509602,7196110202,2,2,,7172562980,,0,0,0,0,0,0,0,0,0,0,0,0,0,0,0,0,0,0,0,2,**21,4,9,1,,IA-CIVUS-0.13,,,0,2,0,2,,,,
A0910,910,BU2,027,92,1969,40,40,0,4,4,7116509602,7196110202,2,2,,7172562980,,0,0,0,0,0,0,0,0,0,0,0,0,0,0,0,0,0,0,0,2,**21,4,9,1,,IA-CIVUS-0.13,,,0,2,0,2,,,,
A0920,920,BU2,027,30,3592,40,40,0,4,4,7116509602,7196110202,2,2,,7172562980,,0,0,0,0,0,0,0,0,0,0,0,0,0,0,0,0,0,0,0,2,**21,4,9,1,,IA-CIVUS-0.13,,,0,2,0,2,,,,
A0930,930,BU2,027,30,3575,40,40,0,4,4,7116509602,7196110202,2,2,,7172562980,,0,0,0,0,0,0,0,0,0,0,0,0,0,0,0,0,0,0,0,2,**21,4,9,1,,IA-CIVUS-0.13,,,0,2,0,2,,,,
A0931,931,BU2,027,30,3501,40,40,0,4,4,7116509602,7196110202,2,2,,7172562980,,0,0,0,0,0,0,0,0,0,0,0,0,0,0,0,0,0,0,0,2,**21,4,9,1,,IA-CIVUS-0.13,,,0,2,0,2,,,,
A0932,932,BU2,027,30,3504,40,40,0,4,4,7116509602,7196110202,2,2,,7172562980,,0,0,0,0,0,0,0,0,0,0,0,0,0,0,0,0,0,0,0,2,**21,4,9,1,,IA-CIVUS-0.13,,,0,2,0,2,,,,
A0933,933,BU2,027,30,3575,40,40,0,4,4,7116509602,7196110202,2,2,,7172562980,,0,0,0,0,0,0,0,0,0,0,0,0,0,0,0,0,0,0,0,2,**21,4,9,1,,IA-CIVUS-0.13,,,0,2,0,2,,,,
A0940,940,BU2,027,30,3504,40,40,0,4,4,7116509602,7196110202,2,2,,7172562980,,0,0,0,0,0,0,0,0,0,0,0,0,0,0,0,0,0,0,0,2,**21,4,9,1,,IA-CIVUS-0.13,,,0,2,0,2,,,,
A0950,950,BU2,027,90,2403,40,40,0,4,4,7116509602,7196110202,2,2,,7172562980,,0,0,0,0,0,0,0,0,0,0,0,0,0,0,0,0,0,0,0,2,**21,4,9,1,,IA-CIVUS-0.13,,,0,2,0,2,,,,
A0960,960,BU2,027,90,1924,40,40,0,4,4,7116509602,7196110202,2,2,,7172562980,,0,0,0,0,0,0,0,0,0,0,0,0,0,0,0,0,0,0,0,2,**21,4,9,1,,IA-CIVUS-0.13,,,0,2,0,2,,,,
A0970,970,BU2,027,90,1969,40,40,0,4,4,7116509602,7196110202,2,2,,7172562980,,0,0,0,0,0,0,0,0,0,0,0,0,0,0,0,0,0,0,0,2,**21,4,9,1,,IA-CIVUS-0.13,,,0,2,0,2,,,,
A0975,975,BU2,027,80,3666,40,40,0,4,4,7116509602,7196110202,2,2,,7172562980,,0,0,0,0,0,0,0,0,0,0,0,0,0,0,0,0,0,0,0,2,**21,4,9,1,,IA-CIVUS-0.13,,,0,2,0,2,,,,
A0980,980,BU2,027,80,2283,40,40,0,4,4,7116509602,7196110202,2,2,,7172562980,,0,0,0,0,0,0,0,0,0,0,0,0,0,0,0,0,0,0,0,2,**21,4,9,1,,IA-CIVUS-0.13,,,0,2,0,2,,,,
A0990,990,BU2,027,70,2403,40,40,0,4,4,7116509602,7196110202,2,2,,7172562980,,0,0,0,0,0,0,0,0,0,0,0,0,0,0,0,0,0,0,0,2,**21,4,9,1,,IA-CIVUS-0.13,,,0,2,0,2,,,,
A1000,1000,BU2,027,70,1919,40,40,0,4,4,7116509602,7196110202,2,2,,7172562980,,0,0,0,0,0,0,0,0,0,0,0,0,0,0,0,0,0,0,0,2,**21,4,9,1,,IA-CIVUS-0.13,,,0,2,0,2,,,,
A1005,1005,BU2,027,52,3506,40,40,0,4,4,7116509602,7196110202,2,2,,7172562980,,0,0,0,0,0,0,0,0,0,0,0,0,0,0,0,0,0,0,0,2,**21,4,9,1,,IA-CIVUS-0.13,,,0,2,0,2,,,,
A1010,1010,BU2,027,52,2375,40,40,0,4,4,7116509602,7196110202,2,2,,7172562980,,0,0,0,0,0,0,0,0,0,0,0,0,0,0,0,0,0,0,0,2,**21,4,9,1,,IA-CIVUS-0.13,,,0,2,0,2,,,,
A1020,1020,BU2,027,50,1924,40,40,0,4,4,7116509602,7196110202,2,2,,7172562980,,0,0,0,0,0,0,0,0,0,0,0,0,0,0,0,0,0,0,0,2,**21,4,9,1,,IA-CIVUS-0.13,,,0,2,0,2,,,,
A1040,1040,BU2,027,50,3506,40,40,0,4,4,7116509602,7196110202,2,2,,7172562980,,0,0,0,0,0,0,0,0,0,0,0,0,0,0,0,0,0,0,0,2,**21,4,9,1,,IA-CIVUS-0.13,,,0,2,0,2,,,,
A1060,1060,BU2,027,41,3666,40,40,0,4,4,7116509602,7196110202,2,2,,7172562980,,0,0,0,0,0,0,0,0,0,0,0,0,0,0,0,0,0,0,0,2,**21,4,9,1,,IA-CIVUS-0.13,,,0,2,0,2,,,,
A1080,1080,BU2,027,40,3592,40,40,0,4,4,7116509602,7196110202,2,2,,7172562980,,0,0,0,0,0,0,0,0,0,0,0,0,0,0,0,0,0,0,0,2,**21,4,9,1,,IA-CIVUS-0.13,,,0,2,0,2,,,,
A1100,1100,BU2,027,40,2375,40,40,0,4,4,7116509602,7196110202,2,2,,7172562980,,0,0,0,0,0,0,0,0,0,0,0,0,0,0,0,0,0,0,0,2,**21,4,9,1,,IA-CIVUS-0.13,,,0,2,0,2,,,,
A1120,1120,BU2,027,40,3575,40,40,0,4,4,7116509602,7196110202,2,2,,7172562980,,0,0,0,0,0,0,0,0,0,0,0,0,0,0,0,0,0,0,0,2,**21,4,9,1,,IA-CIVUS-0.13,,,0,2,0,2,,,,
A1140,1140,BU2,027,40,3575,40,40,0,4,4,7116509602,7196110202,2,2,,7172562980,,0,0,0,0,0,0,0,0,0,0,0,0,0,0,0,0,0,0,0,2,**21,4,9,1,,IA-CIVUS-0.13,,,0,2,0,2,,,,
A1160,1160,BU2,027,40,3504,40,40,0,4,4,7116509602,7196110202,2,2,,7172562980,,0,0,0,0,0,0,0,0,0,0,0,0,0,0,0,0,0,0,0,2,**21,4,9,1,,IA-CIVUS-0.13,,,0,2,0,2,,,,
A1180,1180,BU2,027,40,3504,40,40,0,4,4,7116509602,7196110202,2,2,,7172562980,,0,0,0,0,0,0,0,0,0,0,0,0,0,0,0,0,0,0,0,2,**21,4,9,1,,IA-CIVUS-0.13,,,0,2,0,2,,,,
A1200,1200,BU2,027,40,3501,40,40,0,4,4,7116509602,7196110202,2,2,,7172562980,,0,0,0,0,0,0,0,0,0,0,0,0,0,0,0,0,0,0,0,2,**21,4,9,1,,IA-CIVUS-0.13,,,0,2,0,2,,,,
A1220,1220,BU2,027,40,2127,40,40,0,4,4,7116509602,7116509602,2,2,,,,0,0,0,0,0,0,0,0,0,0,0,0,0,0,0,0,0,0,0,2,**21,4,9,1,,IA-CIVUS-0.13,,,0,2,0,2,,,,
A1240,1240,BU2,027,61,2413,40,40,0,4,4,7116509602,7116509602,2,2,,,,0,0,0,0,0,0,0,0,0,0,0,0,0,0,0,0,0,0,0,2,**21,4,9,1,,IA-CIVUS-0.13,,,0,2,0,2,,,,
A1260,1260,BU2,027,70,712,40,40,0,4,4,7116509602,7116509602,2,2,,,,0,0,0,0,0,0,0,0,0,0,0,0,0,0,0,0,0,0,0,2,**21,4,9,1,,IA-CIVUS-0.13,,,0,2,0,2,,,,
A1280,1280,BU2,027,70,764,40,40,0,4,4,7116509602,7116509602,2,2,,,,0,0,0,0,0,0,0,0,0,0,0,0,0,0,0,0,0,0,0,2,**21,4,9,1,,IA-CIVUS-0.13,,,0,2,0,2,,,,
A1300,1300,BU2,027,70,774,40,40,0,4,4,7116509602,7116509602,2,2,,,,0,0,0,0,0,0,0,0,0,0,0,0,0,0,0,0,0,0,0,2,**21,4,9,1,,IA-CIVUS-0.13,,,0,2,0,2,,,,
A1320,1320,BU2,027,70,774,40,40,0,4,4,7116509602,7116509602,2,2,,,,0,0,0,0,0,0,0,0,0,0,0,0,0,0,0,0,0,0,0,2,**21,4,9,1,,IA-CIVUS-0.13,,,0,2,0,2,,,,
A1340,1340,BU2,027,70,804,40,40,0,4,4,7116509602,7116509602,2,2,,,,0,0,0,0,0,0,0,0,0,0,0,0,0,0,0,0,0,0,0,2,**21,4,9,1,,IA-CIVUS-0.13,,,0,2,0,2,,,,
A1360,1360,BU2,027,52,554,40,40,0,4,4,7116509602,7116509602,2,2,,,,0,0,0,0,0,0,0,0,0,0,0,0,0,0,0,0,0,0,0,2,**21,4,9,1,,IA-CIVUS-0.13,,,0,2,0,2,,,,
A1380,1380,BU2,027,52,554,40,40,0,4,4,7116509602,7116509602,2,2,,,,0,0,0,0,0,0,0,0,0,0,0,0,0,0,0,0,0,0,0,2,**21,4,9,1,,IA-CIVUS-0.13,,,0,2,0,2,,,,
A1400,1400,BU2,027,52,794,40,40,0,4,3.5,7116509602,7116700502,2,2,,,,0,0,0,0,0,0,0,0,0,0,0,0,0,0,0,0,0,0,0,2,**21,4,9,1,,IA-CIVUS-0.13,,,0,2,0,1.5,,,,
A1420,1420,BU2,027,52,798,40,40,0,4,3.5,7116509602,7116700502,2,2,,,,0,0,0,0,0,0,0,0,0,0,0,0,0,0,0,0,0,0,0,2,**21,4,9,1,,IA-CIVUS-0.13,,,0,2,0,1.5,,,,
A1440,1440,BU2,027,52,794,40,40,0,4,3.5,7116509602,7116700502,2,2,,,,0,0,0,0,0,0,0,0,0,0,0,0,0,0,0,0,0,0,0,2,**21,4,9,1,,IA-CIVUS-0.13,,,0,2,0,1.5,,,,
A1460,1460,BU2,027,52,792,40,40,0,4,3.5,7116509602,7116700502,2,2,,,,0,0,0,0,0,0,0,0,0,0,0,0,0,0,0,0,0,0,0,2,**21,4,9,1,,IA-CIVUS-0.13,,,0,2,0,1.5,,,,
A1480,1480,BU2,027,52,794,40,40,0,4,3.5,7116509602,7116700502,2,2,,,,0,0,0,0,0,0,0,0,0,0,0,0,0,0,0,0,0,0,0,2,**21,4,9,1,,IA-CIVUS-0.13,,,0,2,0,1.5,,,,
A1500,1500,BU2,027,92,758,40,40,0,4,3.5,7116509602,7116700502,2,2,,,,0,0,0,0,0,0,0,0,0,0,0,0,0,0,0,0,0,0,0,2,**21,4,9,1,,IA-CIVUS-0.13,,,0,2,0,1.5,,,,
A1520,1520,BU2,027,92,757,40,40,0,4,3.5,7116509602,7116700502,2,2,,,,0,0,0,0,0,0,0,0,0,0,0,0,0,0,0,0,0,0,0,2,**21,4,9,1,,IA-CIVUS-0.13,,,0,2,0,1.5,,,,
A1540,1540,BU2,027,92,762,40,40,0,4,3.5,7116509602,7116700502,2,2,,,,0,0,0,0,0,0,0,0,0,0,0,0,0,0,0,0,0,0,0,2,**21,4,9,1,,IA-CIVUS-0.13,,,0,2,0,1.5,,,,
A1560,1560,BU2,027,92,759,40,40,0,4,3.5,7116509602,7116700502,2,2,,,,0,0,0,0,0,0,0,0,0,0,0,0,0,0,0,0,0,0,0,2,**21,4,9,1,,IA-CIVUS-0.13,,,0,2,0,1.5,,,,
A1580,1580,BU2,027,92,759,40,40,0,4,3.5,7116509602,7116700502,2,2,,,,0,0,0,0,0,0,0,0,0,0,0,0,0,0,0,0,0,0,0,2,**21,4,9,1,,IA-CIVUS-0.13,,,0,2,0,1.5,,,,
A1600,1600,BU2,027,40,1498,40,40,0,4,4,7116509602,7116687502,2,2,,7172501080,,0,0,0,0,0,0,0,0,0,0,0,0,0,0,0,0,0,0,0,2,**21,4,9,1,,IA-CIVUS-0.13,,,0,2,0,2,,,,
A1620,1620,BU2,027,80,3848,40,40,0,4,4,7116509602,7116687502,2,2,,7172501080,,0,0,0,0,0,0,0,0,0,0,0,0,0,0,0,0,0,0,0,2,**21,4,9,1,,IA-CIVUS-0.13,,,0,2,0,2,,,,
A1640,1640,BU2,027,80,3894,40,40,0,4,4,7116509602,7116687502,2,2,,7172501080,,0,0,0,0,0,0,0,0,0,0,0,0,0,0,0,0,0,0,0,2,**21,4,9,1,,IA-CIVUS-0.13,,,0,2,0,2,,,,
A1660,1660,BU2,027,80,3719,40,40,0,4,4,7116509602,7116687502,2,2,,7172501080,,0,0,0,0,0,0,0,0,0,0,0,0,0,0,0,0,0,0,0,2,**21,4,9,1,,IA-CIVUS-0.13,,,0,2,0,2,,,,
A1680,1680,BU2,027,41,2854,40,40,0,4,4,7116509602,7116687502,2,2,,7172501080,,0,0,0,0,0,0,0,0,0,0,0,0,0,0,0,0,0,0,0,2,**21,4,9,1,,IA-CIVUS-0.13,,,0,2,0,2,,,,
A1700,1700,BU2,027,41,3248,40,40,0,4,4,7116509602,7116687502,2,2,,7172501080,,0,0,0,0,0,0,0,0,0,0,0,0,0,0,0,0,0,0,0,2,**21,4,9,1,,IA-CIVUS-0.13,,,0,2,0,2,,,,
A1720,1720,BU2,027,41,2911,40,40,0,4,4,7116509602,7116687502,2,2,,7172501080,,0,0,0,0,0,0,0,0,0,0,0,0,0,0,0,0,0,0,0,2,**21,4,9,1,,IA-CIVUS-0.13,,,0,2,0,2,,,,
A1740,1740,BU2,027,41,3541,40,40,0,4,4,7116509602,7116687502,2,2,,7172501080,,0,0,0,0,0,0,0,0,0,0,0,0,0,0,0,0,0,0,0,2,**21,4,9,1,,IA-CIVUS-0.13,,,0,2,0,2,,,,
A1760,1760,BU2,027,41,3497,40,40,0,4,4,7116509602,7116687502,2,2,,7172501080,,0,0,0,0,0,0,0,0,0,0,0,0,0,0,0,0,0,0,0,2,**21,4,9,1,,IA-CIVUS-0.13,,,0,2,0,2,,,,
A1780,1780,BU2,027,41,3191,40,40,0,4,4,7116509602,7116687502,2,2,,7172501080,,0,0,0,0,0,0,0,0,0,0,0,0,0,0,0,0,0,0,0,2,**21,4,9,1,,IA-CIVUS-0.13,,,0,2,0,2,,,,
A1800,1800,BU2,027,30,3719,40,40,0,4,4,7116509602,7116687502,2,2,,7172501080,,0,0,0,0,0,0,0,0,0,0,0,0,0,0,0,0,0,0,0,2,**21,4,9,1,,IA-CIVUS-0.13,,,0,2,0,2,,,,
A1820,1820,BU2,027,30,3894,40,40,0,4,4,7116509602,7116687502,2,2,,7172501080,,0,0,0,0,0,0,0,0,0,0,0,0,0,0,0,0,0,0,0,2,**21,4,9,1,,IA-CIVUS-0.13,,,0,2,0,2,,,,
A1840,1840,BU2,027,30,3848,40,40,0,4,4,7116509602,7116687502,2,2,,7172501080,,0,0,0,0,0,0,0,0,0,0,0,0,0,0,0,0,0,0,0,2,**21,4,9,1,,IA-CIVUS-0.13,,,0,2,0,2,,,,
A1860,1860,BU2,027,90,2252,40,40,0,4,4,7116509602,7116687502,2,2,,7172501080,,0,0,0,0,0,0,0,0,0,0,0,0,0,0,0,0,0,0,0,2,**21,4,9,1,,IA-CIVUS-0.13,,,0,2,0,2,,,,
A1880,1880,BU2,027,90,2322,40,40,0,4,4,7116509602,7116687502,2,2,,7172501080,,0,0,0,0,0,0,0,0,0,0,0,0,0,0,0,0,0,0,0,2,**21,4,9,1,,IA-CIVUS-0.13,,,0,2,0,2,,,,
A1900,1900,BU2,027,50,2854,40,40,0,4,4,7116509602,7116687502,2,2,,7172501080,,0,0,0,0,0,0,0,0,0,0,0,0,0,0,0,0,0,0,0,2,**21,4,9,1,,IA-CIVUS-0.13,,,0,2,0,2,,,,
A1920,1920,BU2,027,50,3248,40,40,0,4,4,7116509602,7116687502,2,2,,7172501080,,0,0,0,0,0,0,0,0,0,0,0,0,0,0,0,0,0,0,0,2,**21,4,9,1,,IA-CIVUS-0.13,,,0,2,0,2,,,,
A1940,1940,BU2,027,50,2911,40,40,0,4,4,7116509602,7116687502,2,2,,7172501080,,0,0,0,0,0,0,0,0,0,0,0,0,0,0,0,0,0,0,0,2,**21,4,9,1,,IA-CIVUS-0.13,,,0,2,0,2,,,,
A1960,1960,BU2,027,50,3541,40,40,0,4,4,7116509602,7116687502,2,2,,7172501080,,0,0,0,0,0,0,0,0,0,0,0,0,0,0,0,0,0,0,0,2,**21,4,9,1,,IA-CIVUS-0.13,,,0,2,0,2,,,,
A1980,1980,BU2,027,50,3497,40,40,0,4,4,7116509602,7116687502,2,2,,7172501080,,0,0,0,0,0,0,0,0,0,0,0,0,0,0,0,0,0,0,0,2,**21,4,9,1,,IA-CIVUS-0.13,,,0,2,0,2,,,,
A2000,2000,BU2,027,50,3191,40,40,0,4,4,7116509602,7116687502,2,2,,7172501080,,0,0,0,0,0,0,0,0,0,0,0,0,0,0,0,0,0,0,0,2,**21,4,9,1,,IA-CIVUS-0.13,,,0,2,0,2,,,,
A2020,2020,BU2,027,5U,3106,40,40,0,4,4,7116509602,7116687502,2,2,,7172501080,,0,0,0,0,0,0,0,0,0,0,0,0,0,0,0,0,0,0,0,2,**21,4,9,1,,IA-CIVUS-0.13,,,0,2,0,2,,,,
A2040,2040,BU2,027,5U,3166,40,40,0,4,4,7116509602,7116687502,2,2,,7172501080,,0,0,0,0,0,0,0,0,0,0,0,0,0,0,0,0,0,0,0,2,**21,4,9,1,,IA-CIVUS-0.13,,,0,2,0,2,,,,
A2060,2060,BU2,027,5U,2564,40,40,0,4,4,7116509602,7116687502,2,2,,7172501080,,0,0,0,0,0,0,0,0,0,0,0,0,0,0,0,0,0,0,0,2,**21,4,9,1,,IA-CIVUS-0.13,,,0,2,0,2,,,,
A2080,2080,BU2,027,91,2252,40,40,0,4,4,7116509602,7116687502,2,2,,7172501080,,0,0,0,0,0,0,0,0,0,0,0,0,0,0,0,0,0,0,0,2,**21,4,9,1,,IA-CIVUS-0.13,,,0,2,0,2,,,,
A2100,2100,BU2,027,91,2322,40,40,0,4,4,7116509602,7116687502,2,2,,7172501080,,0,0,0,0,0,0,0,0,0,0,0,0,0,0,0,0,0,0,0,2,**21,4,9,1,,IA-CIVUS-0.13,,,0,2,0,2,,,,
A2120,2120,BU2,027,60,2911,40,40,0,4,4,7116509602,7116687502,2,2,,7172501080,,0,0,0,0,0,0,0,0,0,0,0,0,0,0,0,0,0,0,0,2,**21,4,9,1,,IA-CIVUS-0.13,,,0,2,0,2,,,,
A2140,2140,BU2,027,60,2911,40,40,0,4,4,7116509602,7116687502,2,2,,7172501080,,0,0,0,0,0,0,0,0,0,0,0,0,0,0,0,0,0,0,0,2,**21,4,9,1,,IA-CIVUS-0.13,,,0,2,0,2,,,,
A2160,2160,BU2,027,60,3541,40,40,0,4,4,7116509602,7116687502,2,2,,7172501080,,0,0,0,0,0,0,0,0,0,0,0,0,0,0,0,0,0,0,0,2,**21,4,9,1,,IA-CIVUS-0.13,,,0,2,0,2,,,,
A2180,2180,BU2,027,60,3541,40,40,0,4,4,7116509602,7116687502,2,2,,7172501080,,0,0,0,0,0,0,0,0,0,0,0,0,0,0,0,0,0,0,0,2,**21,4,9,1,,IA-CIVUS-0.13,,,0,2,0,2,,,,
A2200,2200,BU2,027,60,2854,40,40,0,4,4,7116509602,7116687502,2,2,,7172501080,,0,0,0,0,0,0,0,0,0,0,0,0,0,0,0,0,0,0,0,2,**21,4,9,1,,IA-CIVUS-0.13,,,0,2,0,2,,,,
A2220,2220,BU2,027,60,3497,40,40,0,4,4,7116509602,7116687502,2,2,,7172501080,,0,0,0,0,0,0,0,0,0,0,0,0,0,0,0,0,0,0,0,2,**21,4,9,1,,IA-CIVUS-0.13,,,0,2,0,2,,,,
A2240,2240,BU2,027,60,2854,40,40,0,4,4,7116509602,7116687502,2,2,,7172501080,,0,0,0,0,0,0,0,0,0,0,0,0,0,0,0,0,0,0,0,2,**21,4,9,1,,IA-CIVUS-0.13,,,0,2,0,2,,,,
A2260,2260,BU2,027,60,3248,40,40,0,4,4,7116509602,7116687502,2,2,,7172501080,,0,0,0,0,0,0,0,0,0,0,0,0,0,0,0,0,0,0,0,2,**21,4,9,1,,IA-CIVUS-0.13,,,0,2,0,2,,,,
A2280,2280,BU2,027,60,3248,40,40,0,4,4,7116509602,7116687502,2,2,,7172501080,,0,0,0,0,0,0,0,0,0,0,0,0,0,0,0,0,0,0,0,2,**21,4,9,1,,IA-CIVUS-0.13,,,0,2,0,2,,,,
A2300,2300,BU2,027,60,3497,40,40,0,4,4,7116509602,7116687502,2,2,,7172501080,,0,0,0,0,0,0,0,0,0,0,0,0,0,0,0,0,0,0,0,2,**21,4,9,1,,IA-CIVUS-0.13,,,0,2,0,2,,,,
A2320,2320,BU2,027,60,1498,40,40,0,4,4,7116509602,7116687502,2,2,,7172501080,,0,0,0,0,0,0,0,0,0,0,0,0,0,0,0,0,0,0,0,2,**21,4,9,1,,IA-CIVUS-0.13,,,0,2,0,2,,,,
A2340,2340,BU2,027,60,3191,40,40,0,4,4,7116509602,7116687502,2,2,,7172501080,,0,0,0,0,0,0,0,0,0,0,0,0,0,0,0,0,0,0,0,2,**21,4,9,1,,IA-CIVUS-0.13,,,0,2,0,2,,,,
A2360,2360,BU2,027,60,3191,40,40,0,4,4,7116509602,7116687502,2,2,,7172501080,,0,0,0,0,0,0,0,0,0,0,0,0,0,0,0,0,0,0,0,2,**21,4,9,1,,IA-CIVUS-0.13,,,0,2,0,2,,,,
A2380,2380,BU2,027,60,2712,40,40,0,4.35,4,7116681002,7116687502,2,2,,7172501080,,0,0,0,0,0,0,0,0,0,0,0,0,0,0,0,0,0,0,0,2,**21,4,9,1,,IA-CIVUS-0.13,,,0,2.35,0,2,,,,
A2400,2400,BU2,027,60,2757,40,40,0,4.35,4,7116681002,7116687502,2,2,,7172501080,,0,0,0,0,0,0,0,0,0,0,0,0,0,0,0,0,0,0,0,2,**21,4,9,1,,IA-CIVUS-0.13,,,0,2.35,0,2,,,,
A2420,2420,BU2,027,60,2615,40,40,0,4.35,4,7116681002,7116687502,2,2,,7172501080,,0,0,0,0,0,0,0,0,0,0,0,0,0,0,0,0,0,0,0,2,**21,4,9,1,,IA-CIVUS-0.13,,,0,2.35,0,2,,,,
A2440,2440,BU2,027,30,2242,40,40,0,4,4,7114509608,7116509608,2,2,,,,0,0,0,0,0,0,0,0,0,0,0,0,0,0,0,0,0,0,0,2,**21,4,9,1,,IA-CIVUS-0.13,,,0,2,0,2,,,,
A2460,2460,BU2,027,80,2252,40,40,0,4,4,7114509608,7116509608,2,2,,,,0,0,0,0,0,0,0,0,0,0,0,0,0,0,0,0,0,0,0,2,**21,4,9,1,,IA-CIVUS-0.13,,,0,2,0,2,,,,
A2480,2480,BU2,027,52,2269,40,40,0,4,4,7114509608,7116509608,2,2,,,,0,0,0,0,0,0,0,0,0,0,0,0,0,0,0,0,0,0,0,2,**21,4,9,1,,IA-CIVUS-0.13,,,0,2,0,2,,,,
A2500,2500,BU2,027,90,2248,40,40,0,4,4,7114509608,7116509608,2,2,,,,0,0,0,0,0,0,0,0,0,0,0,0,0,0,0,0,0,0,0,2,**21,4,9,1,,IA-CIVUS-0.13,,,0,2,0,2,,,,
A2520,2520,BU2,027,50,2245,40,40,0,4,4,7114509608,7116509608,2,2,,,,0,0,0,0,0,0,0,0,0,0,0,0,0,0,0,0,0,0,0,2,**21,4,9,1,,IA-CIVUS-0.13,,,0,2,0,2,,,,
A2540,2540,BU2,027,50,2273,40,40,0,4,4,7114509608,7116509608,2,2,,,,0,0,0,0,0,0,0,0,0,0,0,0,0,0,0,0,0,0,0,2,**21,4,9,1,,IA-CIVUS-0.13,,,0,2,0,2,,,,
A9000,9000,BU2,027,60,80,3,3,0,10,10,STRIP ONLY,STRIP ONLY,Y,Y,,,,0,0,0,0,0,0,0,0,0,0,0,0,0,0,0,0,0,0,0,2,**21,4,9,1,,IA-CIVUS-0.13,,,0,8,0,8,,,,
A9010,9010,BU2,027,60,400,1,1,0,15,15,STRIP ONLY,STRIP ONLY,Y,Y,,,,0,0,0,0,0,0,0,0,0,0,0,0,0,0,0,0,0,0,0,2,**21,4,9,1,,IA-CIVUS-0.13,,,0,13,0,13,,,,
B2500,2500,BU2,027,40,1647,40,40,0,4,4,7116509602,7114509602,2,2,,,,0,0,0,0,0,0,0,0,0,0,0,0,0,0,0,0,0,0,0,2,**23,4,4,2,,IA-CIVUS-0.13,,,0,2,0,2,,,,
B2520,2520,BU2,027,40,2363,40,40,0,4,4,7116509602,7114509602,2,2,,,,0,0,0,0,0,0,0,0,0,0,0,0,0,0,0,0,0,0,0,2,**23,4,4,2,,IA-CIVUS-0.13,,,0,2,0,2,,,,
B2540,2540,BU2,027,40,2442,40,40,0,4,4,7116509602,7114509602,2,2,,,,0,0,0,0,0,0,0,0,0,0,0,0,0,0,0,0,0,0,0,2,**23,4,4,2,,IA-CIVUS-0.13,,,0,2,0,2,,,,
B2560,2560,BU2,027,40,1546,40,40,0,4,4,7116509602,7114509602,2,2,,,,0,0,0,0,0,0,0,0,0,0,0,0,0,0,0,0,0,0,0,2,**23,4,4,2,,IA-CIVUS-0.13,,,0,2,0,2,,,,
B2580,2580,BU2,027,40,2339,40,40,0,4,4,7116509602,7114509602,2,2,,,,0,0,0,0,0,0,0,0,0,0,0,0,0,0,0,0,0,0,0,2,**23,4,4,2,,IA-CIVUS-0.13,,,0,2,0,2,,,,
B2600,2600,BU2,027,40,1241,40,40,0,4,4,7116509602,7114509602,2,2,,,,0,0,0,0,0,0,0,0,0,0,0,0,0,0,0,0,0,0,0,2,**23,4,4,2,,IA-CIVUS-0.13,,,0,2,0,2,,,,
B2620,2620,BU2,027,40,1432,40,40,0,4,4,7116509602,7114509602,2,2,,,,0,0,0,0,0,0,0,0,0,0,0,0,0,0,0,0,0,0,0,2,**23,4,4,2,,IA-CIVUS-0.13,,,0,2,0,2,,,,
B2640,2640,BU2,027,40,2216,40,40,0,4,4,7116509602,7114509602,2,2,,,,0,0,0,0,0,0,0,0,0,0,0,0,0,0,0,0,0,0,0,2,**23,4,4,2,,IA-CIVUS-0.13,,,0,2,0,2,,,,
B2660,2660,BU2,027,40,1589,40,40,0,4,4,7116509602,7114509602,2,2,,,,0,0,0,0,0,0,0,0,0,0,0,0,0,0,0,0,0,0,0,2,**23,4,4,2,,IA-CIVUS-0.13,,,0,2,0,2,,,,
B2680,2680,BU2,027,40,2409,40,40,0,4,4,7116509602,7114509602,2,2,,,,0,0,0,0,0,0,0,0,0,0,0,0,0,0,0,0,0,0,0,2,**23,4,4,2,,IA-CIVUS-0.13,,,0,2,0,2,,,,
B2700,2700,BU2,027,80,2393,40,40,0,4,4,7116509602,7114509602,2,2,,,,0,0,0,0,0,0,0,0,0,0,0,0,0,0,0,0,0,0,0,2,**23,4,4,2,,IA-CIVUS-0.13,,,0,2,0,2,,,,
B2720,2720,BU2,027,91,1025,40,40,0,4,4,7116509602,7114509602,2,2,,,,0,0,0,0,0,0,0,0,0,0,0,0,0,0,0,0,0,0,0,2,**23,4,4,2,,IA-CIVUS-0.13,,,0,2,0,2,,,,
B2740,2740,BU2,027,91,2244,40,40,0,4,4,7116509602,7114509602,2,2,,,,0,0,0,0,0,0,0,0,0,0,0,0,0,0,0,0,0,0,0,2,**23,4,4,2,,IA-CIVUS-0.13,,,0,2,0,2,,,,
B2760,2760,BU2,027,91,1147,40,40,0,4,4,7116509602,7114509602,2,2,,,,0,0,0,0,0,0,0,0,0,0,0,0,0,0,0,0,0,0,0,2,**23,4,4,2,,IA-CIVUS-0.13,,,0,2,0,2,,,,
B2780,2780,BU2,027,91,1914,40,40,0,4,4,7116509602,7114509602,2,2,,,,0,0,0,0,0,0,0,0,0,0,0,0,0,0,0,0,0,0,0,2,**23,4,4,2,,IA-CIVUS-0.13,,,0,2,0,2,,,,
B2800,2800,BU2,027,61,2002,40,40,0,4,4,7116509602,7114509602,2,2,,,,0,0,0,0,0,0,0,0,0,0,0,0,0,0,0,0,0,0,0,2,**23,4,4,2,,IA-CIVUS-0.13,,,0,2,0,2,,,,
B2820,2820,BU2,027,61,2391,40,40,0,4,4,7116509602,7114509602,2,2,,,,0,0,0,0,0,0,0,0,0,0,0,0,0,0,0,0,0,0,0,2,**23,4,4,2,,IA-CIVUS-0.13,,,0,2,0,2,,,,
B2840,2840,BU2,027,61,2471,40,40,0,4,4,7116509602,7114509602,2,2,,,,0,0,0,0,0,0,0,0,0,0,0,0,0,0,0,0,0,0,0,2,**23,4,4,2,,IA-CIVUS-0.13,,,0,2,0,2,,,,
B2860,2860,BU2,027,61,1198,40,40,0,4,4,7116509602,7114509602,2,2,,,,0,0,0,0,0,0,0,0,0,0,0,0,0,0,0,0,0,0,0,2,**23,4,4,2,,IA-CIVUS-0.13,,,0,2,0,2,,,,
B2880,2880,BU2,027,52,1496,40,40,0,4,4,7116509602,7114509602,2,2,,,,0,0,0,0,0,0,0,0,0,0,0,0,0,0,0,0,0,0,0,2,**23,4,4,2,,IA-CIVUS-0.13,,,0,2,0,2,,,,
B2900,2900,BU2,027,52,2317,40,40,0,4,4,7116509602,7114509602,2,2,,,,0,0,0,0,0,0,0,0,0,0,0,0,0,0,0,0,0,0,0,2,**23,4,4,2,,IA-CIVUS-0.13,,,0,2,0,2,,,,
B2920,2920,BU2,027,52,1561,40,40,0,4,4,7116509602,7114509602,2,2,,,,0,0,0,0,0,0,0,0,0,0,0,0,0,0,0,0,0,0,0,2,**23,4,4,2,,IA-CIVUS-0.13,,,0,2,0,2,,,,
B2940,2940,BU2,027,52,2240,40,40,0,4,4,7116509602,7114509602,2,2,,,,0,0,0,0,0,0,0,0,0,0,0,0,0,0,0,0,0,0,0,2,**23,4,4,2,,IA-CIVUS-0.13,,,0,2,0,2,,,,
B2960,2960,BU2,027,52,2373,40,40,0,4,4,7116509602,7114509602,2,2,,,,0,0,0,0,0,0,0,0,0,0,0,0,0,0,0,0,0,0,0,2,**23,4,4,2,,IA-CIVUS-0.13,,,0,2,0,2,,,,
B2980,2980,BU2,027,52,2386,40,40,0,4,4,7116509602,7114509602,2,2,,,,0,0,0,0,0,0,0,0,0,0,0,0,0,0,0,0,0,0,0,2,**23,4,4,2,,IA-CIVUS-0.13,,,0,2,0,2,,,,
B3000,3000,BU2,027,52,1571,40,40,0,4,4,7116509602,7114509602,2,2,,,,0,0,0,0,0,0,0,0,0,0,0,0,0,0,0,0,0,0,0,2,**23,4,4,2,,IA-CIVUS-0.13,,,0,2,0,2,,,,
B3020,3020,BU2,027,52,1244,40,40,0,4,4,7116509602,7114509602,2,2,,,,0,0,0,0,0,0,0,0,0,0,0,0,0,0,0,0,0,0,0,2,**23,4,4,2,,IA-CIVUS-0.13,,,0,2,0,2,,,,
B3040,3040,BU2,027,52,2207,40,40,0,4,4,7116509602,7114509602,2,2,,,,0,0,0,0,0,0,0,0,0,0,0,0,0,0,0,0,0,0,0,2,**23,4,4,2,,IA-CIVUS-0.13,,,0,2,0,2,,,,
B3060,3060,BU2,027,92,2245,40,40,0,4,4,7116509602,7114509602,2,2,,,,0,0,0,0,0,0,0,0,0,0,0,0,0,0,0,0,0,0,0,2,**23,4,4,2,,IA-CIVUS-0.13,,,0,2,0,2,,,,
B3080,3080,BU2,027,41,1546,40,40,0,4,4,7116509602,7114509602,2,2,,,,0,0,0,0,0,0,0,0,0,0,0,0,0,0,0,0,0,0,0,2,**23,4,4,2,,IA-CIVUS-0.13,,,0,2,0,2,,,,
B3100,3100,BU2,027,41,2339,40,40,0,4,4,7116509602,7114509602,2,2,,,,0,0,0,0,0,0,0,0,0,0,0,0,0,0,0,0,0,0,0,2,**23,4,4,2,,IA-CIVUS-0.13,,,0,2,0,2,,,,
B3120,3120,BU2,027,70,2247,40,40,0,4,4,7116509602,7114509602,2,2,,,,0,0,0,0,0,0,0,0,0,0,0,0,0,0,0,0,0,0,0,2,**23,4,4,2,,IA-CIVUS-0.13,,,0,2,0,2,,,,
B3140,3140,BU2,027,30,1243,40,40,0,4,4,7116509602,7114509602,2,2,,,,0,0,0,0,0,0,0,0,0,0,0,0,0,0,0,0,0,0,0,2,**23,4,4,2,,IA-CIVUS-0.13,,,0,2,0,2,,,,
B3160,3160,BU2,027,30,1147,40,40,0,4,4,7116509602,7114509602,2,2,,,,0,0,0,0,0,0,0,0,0,0,0,0,0,0,0,0,0,0,0,2,**23,4,4,2,,IA-CIVUS-0.13,,,0,2,0,2,,,,
B3180,3180,BU2,027,30,2461,40,40,0,4,4,7116509602,7114509602,2,2,,,,0,0,0,0,0,0,0,0,0,0,0,0,0,0,0,0,0,0,0,2,**23,4,4,2,,IA-CIVUS-0.13,,,0,2,0,2,,,,
B3200,3200,BU2,027,30,2481,40,40,0,4,4,7116509602,7114509602,2,2,,,,0,0,0,0,0,0,0,0,0,0,0,0,0,0,0,0,0,0,0,2,**23,4,4,2,,IA-CIVUS-0.13,,,0,2,0,2,,,,
B3220,3220,BU2,027,30,2462,40,40,0,4,4,7116509602,7114509602,2,2,,,,0,0,0,0,0,0,0,0,0,0,0,0,0,0,0,0,0,0,0,2,**23,4,4,2,,IA-CIVUS-0.13,,,0,2,0,2,,,,
B3240,3240,BU2,027,30,2391,40,40,0,4,4,7116509602,7114509602,2,2,,,,0,0,0,0,0,0,0,0,0,0,0,0,0,0,0,0,0,0,0,2,**23,4,4,2,,IA-CIVUS-0.13,,,0,2,0,2,,,,
B3260,3260,BU2,027,30,1871,40,40,0,4,4,7116509602,7114509602,2,2,,,,0,0,0,0,0,0,0,0,0,0,0,0,0,0,0,0,0,0,0,2,**23,4,4,2,,IA-CIVUS-0.13,,,0,2,0,2,,,,
B3280,3280,BU2,027,30,2204,40,40,0,4,4,7116509602,7114509602,2,2,,,,0,0,0,0,0,0,0,0,0,0,0,0,0,0,0,0,0,0,0,2,**23,4,4,2,,IA-CIVUS-0.13,,,0,2,0,2,,,,
B3300,3300,BU2,027,30,1589,40,40,0,4,4,7116509602,7114509602,2,2,,,,0,0,0,0,0,0,0,0,0,0,0,0,0,0,0,0,0,0,0,2,**23,4,4,2,,IA-CIVUS-0.13,,,0,2,0,2,,,,
B3320,3320,BU2,027,30,2409,40,40,0,4,4,7116509602,7114509602,2,2,,,,0,0,0,0,0,0,0,0,0,0,0,0,0,0,0,0,0,0,0,2,**23,4,4,2,,IA-CIVUS-0.13,,,0,2,0,2,,,,
B3340,3340,BU2,027,90,1246,40,40,0,4,4,7116509602,7114509602,2,2,,,,0,0,0,0,0,0,0,0,0,0,0,0,0,0,0,0,0,0,0,2,**23,4,4,2,,IA-CIVUS-0.13,,,0,2,0,2,,,,
B3360,3360,BU2,027,90,1647,40,40,0,4,4,7116509602,7114509602,2,2,,,,0,0,0,0,0,0,0,0,0,0,0,0,0,0,0,0,0,0,0,2,**23,4,4,2,,IA-CIVUS-0.13,,,0,2,0,2,,,,
B3380,3380,BU2,027,90,2390,40,40,0,4,4,7116509602,7114509602,2,2,,,,0,0,0,0,0,0,0,0,0,0,0,0,0,0,0,0,0,0,0,2,**23,4,4,2,,IA-CIVUS-0.13,,,0,2,0,2,,,,
B3400,3400,BU2,027,90,2217,40,40,0,4,4,7116509602,7114509602,2,2,,,,0,0,0,0,0,0,0,0,0,0,0,0,0,0,0,0,0,0,0,2,**23,4,4,2,,IA-CIVUS-0.13,,,0,2,0,2,,,,
B3420,3420,BU2,027,60,1235,40,40,0,4,4,7116509602,7114509602,2,2,,,,0,0,0,0,0,0,0,0,0,0,0,0,0,0,0,0,0,0,0,2,**23,4,4,2,,IA-CIVUS-0.13,,,0,2,0,2,,,,
B3440,3440,BU2,027,60,1561,40,40,0,4,4,7116509602,7114509602,2,2,,,,0,0,0,0,0,0,0,0,0,0,0,0,0,0,0,0,0,0,0,2,**23,4,4,2,,IA-CIVUS-0.13,,,0,2,0,2,,,,
B3460,3460,BU2,027,60,2390,40,40,0,4,4,7116509602,7114509602,2,2,,,,0,0,0,0,0,0,0,0,0,0,0,0,0,0,0,0,0,0,0,2,**23,4,4,2,,IA-CIVUS-0.13,,,0,2,0,2,,,,
B3480,3480,BU2,027,60,2363,40,40,0,4,4,7116509602,7114509602,2,2,,,,0,0,0,0,0,0,0,0,0,0,0,0,0,0,0,0,0,0,0,2,**23,4,4,2,,IA-CIVUS-0.13,,,0,2,0,2,,,,
B3500,3500,BU2,027,60,2442,40,40,0,4,4,7116509602,7114509602,2,2,,,,0,0,0,0,0,0,0,0,0,0,0,0,0,0,0,0,0,0,0,2,**23,4,4,2,,IA-CIVUS-0.13,,,0,2,0,2,,,,
B3520,3520,BU2,027,60,2248,40,40,0,4,4,7116509602,7114509602,2,2,,,,0,0,0,0,0,0,0,0,0,0,0,0,0,0,0,0,0,0,0,2,**23,4,4,2,,IA-CIVUS-0.13,,,0,2,0,2,,,,
B3540,3540,BU2,027,60,1432,40,40,0,4,4,7116509602,7114509602,2,2,,,,0,0,0,0,0,0,0,0,0,0,0,0,0,0,0,0,0,0,0,2,**23,4,4,2,,IA-CIVUS-0.13,,,0,2,0,2,,,,
B3560,3560,BU2,027,60,2202,40,40,0,4,4,7116509602,7114509602,2,2,,,,0,0,0,0,0,0,0,0,0,0,0,0,0,0,0,0,0,0,0,2,**23,4,4,2,,IA-CIVUS-0.13,,,0,2,0,2,,,,
B3580,3580,BU2,027,50,1249,40,40,0,4,4,7116509602,7114509602,2,2,,,,0,0,0,0,0,0,0,0,0,0,0,0,0,0,0,0,0,0,0,2,**23,4,4,2,,IA-CIVUS-0.13,,,0,2,0,2,,,,
B3600,3600,BU2,027,50,1806,40,40,0,4,4,7116509602,7114509602,2,2,,,,0,0,0,0,0,0,0,0,0,0,0,0,0,0,0,0,0,0,0,2,**23,4,4,2,,IA-CIVUS-0.13,,,0,2,0,2,,,,
B3620,3620,BU2,027,50,2238,40,40,0,4,4,7116509602,7114509602,2,2,,,,0,0,0,0,0,0,0,0,0,0,0,0,0,0,0,0,0,0,0,2,**23,4,4,2,,IA-CIVUS-0.13,,,0,2,0,2,,,,
B3640,3640,BU2,027,50,2375,40,40,0,4,4,7116509602,7114509602,2,2,,,,0,0,0,0,0,0,0,0,0,0,0,0,0,0,0,0,0,0,0,2,**23,4,4,2,,IA-CIVUS-0.13,,,0,2,0,2,,,,
B3660,3660,BU2,027,50,2220,40,40,0,4,4,7116509602,7114509602,2,2,,,,0,0,0,0,0,0,0,0,0,0,0,0,0,0,0,0,0,0,0,2,**23,4,4,2,,IA-CIVUS-0.13,,,0,2,0,2,,,,
B3680,3680,BU2,027,50,3248,40,40,0,4,4,7116509602,7116687502,2,2,,7172501080,,0,0,0,0,0,0,0,0,0,0,0,0,0,0,0,0,0,0,0,2,**23,4,4,2,,IA-CIVUS-0.13,,,0,2,0,2,,,,
B3700,3700,BU2,027,50,2911,40,40,0,4,4,7116509602,7116687502,2,2,,7172501080,,0,0,0,0,0,0,0,0,0,0,0,0,0,0,0,0,0,0,0,2,**23,4,4,2,,IA-CIVUS-0.13,,,0,2,0,2,,,,
B3720,3720,BU2,027,50,3541,40,40,0,4,4,7116509602,7116687502,2,2,,7172501080,,0,0,0,0,0,0,0,0,0,0,0,0,0,0,0,0,0,0,0,2,**23,4,4,2,,IA-CIVUS-0.13,,,0,2,0,2,,,,
B3740,3740,BU2,027,50,3497,40,40,0,4,4,7116509602,7116687502,2,2,,7172501080,,0,0,0,0,0,0,0,0,0,0,0,0,0,0,0,0,0,0,0,2,**23,4,4,2,,IA-CIVUS-0.13,,,0,2,0,2,,,,
B3760,3760,BU2,027,50,3191,40,40,0,4,4,7116509602,7116687502,2,2,,7172501080,,0,0,0,0,0,0,0,0,0,0,0,0,0,0,0,0,0,0,0,2,**23,4,4,2,,IA-CIVUS-0.13,,,0,2,0,2,,,,
B3780,3780,BU2,027,60,2911,40,40,0,4,4,7116509602,7116687502,2,2,,7172501080,,0,0,0,0,0,0,0,0,0,0,0,0,0,0,0,0,0,0,0,2,**23,4,4,2,,IA-CIVUS-0.13,,,0,2,0,2,,,,
B3800,3800,BU2,027,60,2911,40,40,0,4,4,7116509602,7116687502,2,2,,7172501080,,0,0,0,0,0,0,0,0,0,0,0,0,0,0,0,0,0,0,0,2,**23,4,4,2,,IA-CIVUS-0.13,,,0,2,0,2,,,,
B3820,3820,BU2,027,60,3541,40,40,0,4,4,7116509602,7116687502,2,2,,7172501080,,0,0,0,0,0,0,0,0,0,0,0,0,0,0,0,0,0,0,0,2,**23,4,4,2,,IA-CIVUS-0.13,,,0,2,0,2,,,,
B3840,3840,BU2,027,60,3541,40,40,0,4,4,7116509602,7116687502,2,2,,7172501080,,0,0,0,0,0,0,0,0,0,0,0,0,0,0,0,0,0,0,0,2,**23,4,4,2,,IA-CIVUS-0.13,,,0,2,0,2,,,,
B3860,3860,BU2,027,60,3497,40,40,0,4,4,7116509602,7116687502,2,2,,7172501080,,0,0,0,0,0,0,0,0,0,0,0,0,0,0,0,0,0,0,0,2,**23,4,4,2,,IA-CIVUS-0.13,,,0,2,0,2,,,,
B3880,3880,BU2,027,60,3248,40,40,0,4,4,7116509602,7116687502,2,2,,7172501080,,0,0,0,0,0,0,0,0,0,0,0,0,0,0,0,0,0,0,0,2,**23,4,4,2,,IA-CIVUS-0.13,,,0,2,0,2,,,,
B3900,3900,BU2,027,60,3248,40,40,0,4,4,7116509602,7116687502,2,2,,7172501080,,0,0,0,0,0,0,0,0,0,0,0,0,0,0,0,0,0,0,0,2,**23,4,4,2,,IA-CIVUS-0.13,,,0,2,0,2,,,,
B3920,3920,BU2,027,60,3497,40,40,0,4,4,7116509602,7116687502,2,2,,7172501080,,0,0,0,0,0,0,0,0,0,0,0,0,0,0,0,0,0,0,0,2,**23,4,4,2,,IA-CIVUS-0.13,,,0,2,0,2,,,,
B3940,3940,BU2,027,60,1498,40,40,0,4,4,7116509602,7116687502,2,2,,7172501080,,0,0,0,0,0,0,0,0,0,0,0,0,0,0,0,0,0,0,0,2,**23,4,4,2,,IA-CIVUS-0.13,,,0,2,0,2,,,,
B3960,3960,BU2,027,60,3191,40,40,0,4,4,7116509602,7116687502,2,2,,7172501080,,0,0,0,0,0,0,0,0,0,0,0,0,0,0,0,0,0,0,0,2,**23,4,4,2,,IA-CIVUS-0.13,,,0,2,0,2,,,,
B3980,3980,BU2,027,60,3191,40,40,0,4,4,7116509602,7116687502,2,2,,7172501080,,0,0,0,0,0,0,0,0,0,0,0,0,0,0,0,0,0,0,0,2,**23,4,4,2,,IA-CIVUS-0.13,,,0,2,0,2,,,,
B4000,4000,BU2,027,91,2322,40,40,0,4,4,7116509602,7116687502,2,2,,7172501080,,0,0,0,0,0,0,0,0,0,0,0,0,0,0,0,0,0,0,0,2,**23,4,4,2,,IA-CIVUS-0.13,,,0,2,0,2,,,,
B4020,4020,BU2,027,40,1498,40,40,0,4,4,7116509602,7116687502,2,2,,7172501080,,0,0,0,0,0,0,0,0,0,0,0,0,0,0,0,0,0,0,0,2,**23,4,4,2,,IA-CIVUS-0.13,,,0,2,0,2,,,,
B4040,4040,BU2,027,90,2322,40,40,0,4,4,7116509602,7116687502,2,2,,7172501080,,0,0,0,0,0,0,0,0,0,0,0,0,0,0,0,0,0,0,0,2,**23,4,4,2,,IA-CIVUS-0.13,,,0,2,0,2,,,,
B4060,4060,BU2,027,41,3248,40,40,0,4,4,7116509602,7116687502,2,2,,7172501080,,0,0,0,0,0,0,0,0,0,0,0,0,0,0,0,0,0,0,0,2,**23,4,4,2,,IA-CIVUS-0.13,,,0,2,0,2,,,,
B4080,4080,BU2,027,41,2911,40,40,0,4,4,7116509602,7116687502,2,2,,7172501080,,0,0,0,0,0,0,0,0,0,0,0,0,0,0,0,0,0,0,0,2,**23,4,4,2,,IA-CIVUS-0.13,,,0,2,0,2,,,,
B4100,4100,BU2,027,41,3541,40,40,0,4,4,7116509602,7116687502,2,2,,7172501080,,0,0,0,0,0,0,0,0,0,0,0,0,0,0,0,0,0,0,0,2,**23,4,4,2,,IA-CIVUS-0.13,,,0,2,0,2,,,,
B4120,4120,BU2,027,41,3497,40,40,0,4,4,7116509602,7116687502,2,2,,7172501080,,0,0,0,0,0,0,0,0,0,0,0,0,0,0,0,0,0,0,0,2,**23,4,4,2,,IA-CIVUS-0.13,,,0,2,0,2,,,,
B4140,4140,BU2,027,41,3191,40,40,0,4,4,7116509602,7116687502,2,2,,7172501080,,0,0,0,0,0,0,0,0,0,0,0,0,0,0,0,0,0,0,0,2,**23,4,4,2,,IA-CIVUS-0.13,,,0,2,0,2,,,,
B4160,4160,BU2,027,41,3666,40,40,0,4,4,7116509602,7196110202,2,2,,7172562980,,0,0,0,0,0,0,0,0,0,0,0,0,0,0,0,0,0,0,0,2,**23,4,4,2,,IA-CIVUS-0.13,,,0,2,0,2,,,,
B4180,4180,BU2,027,61,3513,40,40,0,4,4,7116509602,7196110202,2,2,,7172562980,,0,0,0,0,0,0,0,0,0,0,0,0,0,0,0,0,0,0,0,2,**23,4,4,2,,IA-CIVUS-0.13,,,0,2,0,2,,,,
B4200,4200,BU2,027,61,3510,40,40,0,4,4,7116509602,7196110202,2,2,,7172562980,,0,0,0,0,0,0,0,0,0,0,0,0,0,0,0,0,0,0,0,2,**23,4,4,2,,IA-CIVUS-0.13,,,0,2,0,2,,,,
B4220,4220,BU2,027,92,3510,40,40,0,4,4,7116509602,7196110202,2,2,,7172562980,,0,0,0,0,0,0,0,0,0,0,0,0,0,0,0,0,0,0,0,2,**23,4,4,2,,IA-CIVUS-0.13,,,0,2,0,2,,,,
B4240,4240,BU2,027,92,3513,40,40,0,4,4,7116509602,7196110202,2,2,,7172562980,,0,0,0,0,0,0,0,0,0,0,0,0,0,0,0,0,0,0,0,2,**23,4,4,2,,IA-CIVUS-0.13,,,0,2,0,2,,,,
B4260,4260,BU2,027,92,1969,40,40,0,4,4,7116509602,7196110202,2,2,,7172562980,,0,0,0,0,0,0,0,0,0,0,0,0,0,0,0,0,0,0,0,2,**23,4,4,2,,IA-CIVUS-0.13,,,0,2,0,2,,,,
B4280,4280,BU2,027,30,3592,40,40,0,4,4,7116509602,7196110202,2,2,,7172562980,,0,0,0,0,0,0,0,0,0,0,0,0,0,0,0,0,0,0,0,2,**23,4,4,2,,IA-CIVUS-0.13,,,0,2,0,2,,,,
B4300,4300,BU2,027,30,3575,40,40,0,4,4,7116509602,7196110202,2,2,,7172562980,,0,0,0,0,0,0,0,0,0,0,0,0,0,0,0,0,0,0,0,2,**23,4,4,2,,IA-CIVUS-0.13,,,0,2,0,2,,,,
B4320,4320,BU2,027,30,3501,40,40,0,4,4,7116509602,7196110202,2,2,,7172562980,,0,0,0,0,0,0,0,0,0,0,0,0,0,0,0,0,0,0,0,2,**23,4,4,2,,IA-CIVUS-0.13,,,0,2,0,2,,,,
B4340,4340,BU2,027,30,3504,40,40,0,4,4,7116509602,7196110202,2,2,,7172562980,,0,0,0,0,0,0,0,0,0,0,0,0,0,0,0,0,0,0,0,2,**23,4,4,2,,IA-CIVUS-0.13,,,0,2,0,2,,,,
B4360,4360,BU2,027,30,3204,40,40,0,4,4,7116509602,7196110202,2,2,,7172562980,,0,0,0,0,0,0,0,0,0,0,0,0,0,0,0,0,0,0,0,2,**23,4,4,2,,IA-CIVUS-0.13,,,0,2,0,2,,,,
B4380,4380,BU2,027,90,2403,40,40,0,4,4,7116509602,7196110202,2,2,,7172562980,,0,0,0,0,0,0,0,0,0,0,0,0,0,0,0,0,0,0,0,2,**23,4,4,2,,IA-CIVUS-0.13,,,0,2,0,2,,,,
B4400,4400,BU2,027,90,1924,40,40,0,4,4,7116509602,7196110202,2,2,,7172562980,,0,0,0,0,0,0,0,0,0,0,0,0,0,0,0,0,0,0,0,2,**23,4,4,2,,IA-CIVUS-0.13,,,0,2,0,2,,,,
B4420,4420,BU2,027,90,1969,40,40,0,4,4,7116509602,7196110202,2,2,,7172562980,,0,0,0,0,0,0,0,0,0,0,0,0,0,0,0,0,0,0,0,2,**23,4,4,2,,IA-CIVUS-0.13,,,0,2,0,2,,,,
B4440,4440,BU2,027,80,3666,40,40,0,4,4,7116509602,7196110202,2,2,,7172562980,,0,0,0,0,0,0,0,0,0,0,0,0,0,0,0,0,0,0,0,2,**23,4,4,2,,IA-CIVUS-0.13,,,0,2,0,2,,,,
B4460,4460,BU2,027,80,2283,40,40,0,4,4,7116509602,7196110202,2,2,,7172562980,,0,0,0,0,0,0,0,0,0,0,0,0,0,0,0,0,0,0,0,2,**23,4,4,2,,IA-CIVUS-0.13,,,0,2,0,2,,,,
B4480,4480,BU2,027,70,2403,40,40,0,4,4,7116509602,7196110202,2,2,,7172562980,,0,0,0,0,0,0,0,0,0,0,0,0,0,0,0,0,0,0,0,2,**23,4,4,2,,IA-CIVUS-0.13,,,0,2,0,2,,,,
B4500,4500,BU2,027,70,1919,40,40,0,4,4,7116509602,7196110202,2,2,,7172562980,,0,0,0,0,0,0,0,0,0,0,0,0,0,0,0,0,0,0,0,2,**23,4,4,2,,IA-CIVUS-0.13,,,0,2,0,2,,,,
B4520,4520,BU2,027,50,1924,40,40,0,4,4,7116509602,7196110202,2,2,,7172562980,,0,0,0,0,0,0,0,0,0,0,0,0,0,0,0,0,0,0,0,2,**23,4,4,2,,IA-CIVUS-0.13,,,0,2,0,2,,,,
B4540,4540,BU2,027,50,3506,40,40,0,4,4,7116509602,7196110202,2,2,,7172562980,,0,0,0,0,0,0,0,0,0,0,0,0,0,0,0,0,0,0,0,2,**23,4,4,2,,IA-CIVUS-0.13,,,0,2,0,2,,,,
B4560,4560,BU2,027,40,3204,40,40,0,4,4,7116509602,7196110202,2,2,,7172562980,,0,0,0,0,0,0,0,0,0,0,0,0,0,0,0,0,0,0,0,2,**23,4,4,2,,IA-CIVUS-0.13,,,0,2,0,2,,,,
B4580,4580,BU2,027,40,3592,40,40,0,4,4,7116509602,7196110202,2,2,,7172562980,,0,0,0,0,0,0,0,0,0,0,0,0,0,0,0,0,0,0,0,2,**23,4,4,2,,IA-CIVUS-0.13,,,0,2,0,2,,,,
B4600,4600,BU2,027,40,2375,40,40,0,4,4,7116509602,7196110202,2,2,,7172562980,,0,0,0,0,0,0,0,0,0,0,0,0,0,0,0,0,0,0,0,2,**23,4,4,2,,IA-CIVUS-0.13,,,0,2,0,2,,,,
B4620,4620,BU2,027,40,3575,40,40,0,4,4,7116509602,7196110202,2,2,,7172562980,,0,0,0,0,0,0,0,0,0,0,0,0,0,0,0,0,0,0,0,2,**23,4,4,2,,IA-CIVUS-0.13,,,0,2,0,2,,,,
B4640,4640,BU2,027,40,3504,40,40,0,4,4,7116509602,7196110202,2,2,,7172562980,,0,0,0,0,0,0,0,0,0,0,0,0,0,0,0,0,0,0,0,2,**23,4,4,2,,IA-CIVUS-0.13,,,0,2,0,2,,,,
B4660,4660,BU2,027,40,3501,40,40,0,4,4,7116509602,7196110202,2,2,,7172562980,,0,0,0,0,0,0,0,0,0,0,0,0,0,0,0,0,0,0,0,2,**23,4,4,2,,IA-CIVUS-0.13,,,0,2,0,2,,,,
B4680,4680,BU2,027,52,3506,40,40,0,4,4,7116509602,7196110202,2,2,,7172562980,,0,0,0,0,0,0,0,0,0,0,0,0,0,0,0,0,0,0,0,2,**23,4,4,2,,IA-CIVUS-0.13,,,0,2,0,2,,,,
B4700,4700,BU2,027,52,2375,40,40,0,4,4,7116509602,7196110202,2,2,,7172562980,,0,0,0,0,0,0,0,0,0,0,0,0,0,0,0,0,0,0,0,2,**23,4,4,2,,IA-CIVUS-0.13,,,0,2,0,2,,,,
B4720,4720,BU2,027,52,794,40,40,0,4,3.5,7116509602,7116700502,2,2,,,,0,0,0,0,0,0,0,0,0,0,0,0,0,0,0,0,0,0,0,2,**23,4,4,2,,IA-CIVUS-0.13,,,0,2,0,1.5,,,,
B4740,4740,BU2,027,52,798,40,40,0,4,3.5,7116509602,7116700502,2,2,,,,0,0,0,0,0,0,0,0,0,0,0,0,0,0,0,0,0,0,0,2,**23,4,4,2,,IA-CIVUS-0.13,,,0,2,0,1.5,,,,
B4760,4760,BU2,027,52,792,40,40,0,4,3.5,7116509602,7116700502,2,2,,,,0,0,0,0,0,0,0,0,0,0,0,0,0,0,0,0,0,0,0,2,**23,4,4,2,,IA-CIVUS-0.13,,,0,2,0,1.5,,,,
B4780,4780,BU2,027,52,794,40,40,0,4,3.5,7116509602,7116700502,2,2,,,,0,0,0,0,0,0,0,0,0,0,0,0,0,0,0,0,0,0,0,2,**23,4,4,2,,IA-CIVUS-0.13,,,0,2,0,1.5,,,,
B4800,4800,BU2,027,92,758,40,40,0,4,3.5,7116509602,7116700502,2,2,,,,0,0,0,0,0,0,0,0,0,0,0,0,0,0,0,0,0,0,0,2,**23,4,4,2,,IA-CIVUS-0.13,,,0,2,0,1.5,,,,
B4820,4820,BU2,027,92,757,40,40,0,4,3.5,7116509602,7116700502,2,2,,,,0,0,0,0,0,0,0,0,0,0,0,0,0,0,0,0,0,0,0,2,**23,4,4,2,,IA-CIVUS-0.13,,,0,2,0,1.5,,,,
B4840,4840,BU2,027,92,762,40,40,0,4,3.5,7116509602,7116700502,2,2,,,,0,0,0,0,0,0,0,0,0,0,0,0,0,0,0,0,0,0,0,2,**23,4,4,2,,IA-CIVUS-0.13,,,0,2,0,1.5,,,,
B4860,4860,BU2,027,92,759,40,40,0,4,3.5,7116509602,7116700502,2,2,,,,0,0,0,0,0,0,0,0,0,0,0,0,0,0,0,0,0,0,0,2,**23,4,4,2,,IA-CIVUS-0.13,,,0,2,0,1.5,,,,
B4880,4880,BU2,027,50,721,40,40,0,4,3.5,7116509602,7116700502,2,2,,,,0,0,0,0,0,0,0,0,0,0,0,0,0,0,0,0,0,0,0,2,**23,4,4,2,,IA-CIVUS-0.13,,,0,2,0,1.5,,,,
B4900,4900,BU2,027,60,3142,40,40,0,4,5,7116509602,7116680402,2,2,,7158389330,,0,0,0,0,0,0,0,0,0,0,0,0,0,0,0,0,0,0,0,2,**23,4,4,2,,IA-CIVUS-0.13,,,0,2,0,3,,,,
B4920,4920,BU2,027,60,3286,40,40,0,4,5,7116509602,7116680402,2,2,,7158389330,,0,0,0,0,0,0,0,0,0,0,0,0,0,0,0,0,0,0,0,2,**23,4,4,2,,IA-CIVUS-0.13,,,0,2,0,3,,,,
B4940,4940,BU2,027,60,3304,40,40,0,4,5,7116509602,7116680402,2,2,,7158389330,,0,0,0,0,0,0,0,0,0,0,0,0,0,0,0,0,0,0,0,2,**23,4,4,2,,IA-CIVUS-0.13,,,0,2,0,3,,,,
B4960,4960,BU2,027,60,3295,40,40,0,4,5,7116509602,7116680402,2,2,,7158389330,,0,0,0,0,0,0,0,0,0,0,0,0,0,0,0,0,0,0,0,2,**23,4,4,2,,IA-CIVUS-0.13,,,0,2,0,3,,,,
B4980,4980,BU2,027,60,1866,40,40,0,4,4,7116509602,7116509602,2,2,,,,0,0,0,0,0,0,0,0,0,0,0,0,0,0,0,0,0,0,0,2,**23,4,4,2,,IA-CIVUS-0.13,,,0,2,0,2,,,,
B5000,5000,BU2,027,60,2965,40,40,0,4,4,7116509602,7116509602,2,2,,,,0,0,0,0,0,0,0,0,0,0,0,0,0,0,0,0,0,0,0,2,**23,4,4,2,,IA-CIVUS-0.13,,,0,2,0,2,,,,
B5010,5010,BU2,027,90,1771,40,40,0,4,4,7116509602,7116509602,2,2,,,,0,0,0,0,0,0,0,0,0,0,0,0,0,0,0,0,0,0,0,2,**23,4,4,2,,IA-CIVUS-0.13,,,0,2,0,2,,,,
B5020,5020,BU2,027,40,2252,40,40,0,4,4,7116509602,7116509602,2,2,,,,0,0,0,0,0,0,0,0,0,0,0,0,0,0,0,0,0,0,0,2,**23,4,4,2,,IA-CIVUS-0.13,,,0,2,0,2,,,,
B5040,5040,BU2,027,40,1737,40,40,0,4,4,7116509602,7116509602,2,2,,,,0,0,0,0,0,0,0,0,0,0,0,0,0,0,0,0,0,0,0,2,**23,4,4,2,,IA-CIVUS-0.13,,,0,2,0,2,,,,
B5060,5060,BU2,027,40,2127,40,40,0,4,4,7116509602,7116509602,2,2,,,,0,0,0,0,0,0,0,0,0,0,0,0,0,0,0,0,0,0,0,2,**23,4,4,2,,IA-CIVUS-0.13,,,0,2,0,2,,,,
B5080,5080,BU2,027,40,1771,40,40,0,4,4,7116509602,7116509602,2,2,,,,0,0,0,0,0,0,0,0,0,0,0,0,0,0,0,0,0,0,0,2,**23,4,4,2,,IA-CIVUS-0.13,,,0,2,0,2,,,,
B5100,5100,BU2,027,40,376,40,40,0,4,4,7116509602,7116509602,2,2,,,,0,0,0,0,0,0,0,0,0,0,0,0,0,0,0,0,0,0,0,2,**23,4,4,2,,IA-CIVUS-0.13,,,0,2,0,2,,,,
B5120,5120,BU2,027,52,1936,40,40,0,4,4,7116509602,7116509602,2,2,,,,0,0,0,0,0,0,0,0,0,0,0,0,0,0,0,0,0,0,0,2,**23,4,4,2,,IA-CIVUS-0.13,,,0,2,0,2,,,,
B5140,5140,BU2,027,52,554,40,40,0,4,4,7116509602,7116509602,2,2,,,,0,0,0,0,0,0,0,0,0,0,0,0,0,0,0,0,0,0,0,2,**23,4,4,2,,IA-CIVUS-0.13,,,0,2,0,2,,,,
B5160,5160,BU2,027,52,554,40,40,0,4,4,7116509602,7116509602,2,2,,,,0,0,0,0,0,0,0,0,0,0,0,0,0,0,0,0,0,0,0,2,**23,4,4,2,,IA-CIVUS-0.13,,,0,2,0,2,,,,
B5180,5180,BU2,027,52,1737,40,40,0,4,4,7116509602,7116509602,2,2,,,,0,0,0,0,0,0,0,0,0,0,0,0,0,0,0,0,0,0,0,2,**23,4,4,2,,IA-CIVUS-0.13,,,0,2,0,2,,,,
B5200,5200,BU2,027,52,509,40,40,0,4,4,7116509602,7116509602,2,2,,,,0,0,0,0,0,0,0,0,0,0,0,0,0,0,0,0,0,0,0,2,**23,4,4,2,,IA-CIVUS-0.13,,,0,2,0,2,,,,
B5220,5220,BU2,027,52,461,40,40,0,4,4,7116509602,7116509602,2,2,,,,0,0,0,0,0,0,0,0,0,0,0,0,0,0,0,0,0,0,0,2,**23,4,4,2,,IA-CIVUS-0.13,,,0,2,0,2,,,,
B5240,5240,BU2,027,52,2223,40,40,0,4,4,7116509602,7116509602,2,2,,,,0,0,0,0,0,0,0,0,0,0,0,0,0,0,0,0,0,0,0,2,**23,4,4,2,,IA-CIVUS-0.13,,,0,2,0,2,,,,
B5260,5260,BU2,027,61,2413,40,40,0,4,4,7116509602,7116509602,2,2,,,,0,0,0,0,0,0,0,0,0,0,0,0,0,0,0,0,0,0,0,2,**23,4,4,2,,IA-CIVUS-0.13,,,0,2,0,2,,,,
B5280,5280,BU2,027,70,541,40,40,0,4,4,7116509602,7116509602,2,2,,,,0,0,0,0,0,0,0,0,0,0,0,0,0,0,0,0,0,0,0,2,**23,4,4,2,,IA-CIVUS-0.13,,,0,2,0,2,,,,
B5300,5300,BU2,027,70,712,40,40,0,4,4,7116509602,7116509602,2,2,,,,0,0,0,0,0,0,0,0,0,0,0,0,0,0,0,0,0,0,0,2,**23,4,4,2,,IA-CIVUS-0.13,,,0,2,0,2,,,,
B5320,5320,BU2,027,70,764,40,40,0,4,4,7116509602,7116509602,2,2,,,,0,0,0,0,0,0,0,0,0,0,0,0,0,0,0,0,0,0,0,2,**23,4,4,2,,IA-CIVUS-0.13,,,0,2,0,2,,,,
B5340,5340,BU2,027,70,774,40,40,0,4,4,7116509602,7116509602,2,2,,,,0,0,0,0,0,0,0,0,0,0,0,0,0,0,0,0,0,0,0,2,**23,4,4,2,,IA-CIVUS-0.13,,,0,2,0,2,,,,
B5360,5360,BU2,027,70,804,40,40,0,4,4,7116509602,7116509602,2,2,,,,0,0,0,0,0,0,0,0,0,0,0,0,0,0,0,0,0,0,0,2,**23,4,4,2,,IA-CIVUS-0.13,,,0,2,0,2,,,,
B5380,5380,BU2,027,91,2262,40,40,0,4,4,7116509602,7116509602,2,2,,,,0,0,0,0,0,0,0,0,0,0,0,0,0,0,0,0,0,0,0,2,**23,4,4,2,,IA-CIVUS-0.13,,,0,2,0,2,,,,
B5400,5400,BU2,027,91,662,40,40,0,4,4,7116509602,7116509602,2,2,,,,0,0,0,0,0,0,0,0,0,0,0,0,0,0,0,0,0,0,0,2,**23,4,4,2,,IA-CIVUS-0.13,,,0,2,0,2,,,,
B5420,5420,BU2,027,91,2839,40,40,0,4,4,7116509602,7116509602,2,2,,,,0,0,0,0,0,0,0,0,0,0,0,0,0,0,0,0,0,0,0,2,**23,4,4,2,,IA-CIVUS-0.13,,,0,2,0,2,,,,
B5440,5440,BU2,027,91,669,40,40,0,4,4,7116509602,7116509602,2,2,,,,0,0,0,0,0,0,0,0,0,0,0,0,0,0,0,0,0,0,0,2,**23,4,4,2,,IA-CIVUS-0.13,,,0,2,0,2,,,,
B5460,5460,BU2,027,91,412,40,40,0,4,4,7116509602,7116509602,2,2,,,,0,0,0,0,0,0,0,0,0,0,0,0,0,0,0,0,0,0,0,2,**23,4,4,2,,IA-CIVUS-0.13,,,0,2,0,2,,,,
B5480,5480,BU2,027,91,2182,40,40,0,4,4,7116509602,7116509602,2,2,,,,0,0,0,0,0,0,0,0,0,0,0,0,0,0,0,0,0,0,0,2,**23,4,4,2,,IA-CIVUS-0.13,,,0,2,0,2,,,,
B5500,5500,BU2,027,80,792,40,40,0,4,4,7116509602,7116509602,2,2,,,,0,0,0,0,0,0,0,0,0,0,0,0,0,0,0,0,0,0,0,2,**23,4,4,2,,IA-CIVUS-0.13,,,0,2,0,2,,,,
B5520,5520,BU2,027,80,903,40,40,0,4,4,7116509602,7116509602,2,2,,,,0,0,0,0,0,0,0,0,0,0,0,0,0,0,0,0,0,0,0,2,**23,4,4,2,,IA-CIVUS-0.13,,,0,2,0,2,,,,
B5540,5540,BU2,027,80,798,40,40,0,4,4,7116509602,7116509602,2,2,,,,0,0,0,0,0,0,0,0,0,0,0,0,0,0,0,0,0,0,0,2,**23,4,4,2,,IA-CIVUS-0.13,,,0,2,0,2,,,,
B5560,5560,BU2,027,80,891,40,40,0,4,4,7116509602,7116509602,2,2,,,,0,0,0,0,0,0,0,0,0,0,0,0,0,0,0,0,0,0,0,2,**23,4,4,2,,IA-CIVUS-0.13,,,0,2,0,2,,,,
B5580,5580,BU2,027,92,2176,40,40,0,4,4,7116509602,7116509602,2,2,,,,0,0,0,0,0,0,0,0,0,0,0,0,0,0,0,0,0,0,0,2,**23,4,4,2,,IA-CIVUS-0.13,,,0,2,0,2,,,,
B5600,5600,BU2,027,92,2369,40,40,0,4,4,7116509602,7116509602,2,2,,,,0,0,0,0,0,0,0,0,0,0,0,0,0,0,0,0,0,0,0,2,**23,4,4,2,,IA-CIVUS-0.13,,,0,2,0,2,,,,
B5620,5620,BU2,027,92,3042,40,40,0,4,4,7116509602,7116509602,2,2,,,,0,0,0,0,0,0,0,0,0,0,0,0,0,0,0,0,0,0,0,2,**23,4,4,2,,IA-CIVUS-0.13,,,0,2,0,2,,,,
B5640,5640,BU2,027,92,1332,40,40,0,4,4,7116509602,7116509602,2,2,,,,0,0,0,0,0,0,0,0,0,0,0,0,0,0,0,0,0,0,0,2,**23,4,4,2,,IA-CIVUS-0.13,,,0,2,0,2,,,,
B5660,5660,BU2,027,92,1131,40,40,0,4,4,7116509602,7114509608,2,2,,,,0,0,0,0,0,0,0,0,0,0,0,0,0,0,0,0,0,0,0,2,**23,4,4,2,,IA-CIVUS-0.13,,,0,2,0,2,,,,
B5680,5680,BU2,027,92,1691,40,40,0,4,4,7116509602,7114509608,2,2,,,,0,0,0,0,0,0,0,0,0,0,0,0,0,0,0,0,0,0,0,2,**23,4,4,2,,IA-CIVUS-0.13,,,0,2,0,2,,,,
B5700,5700,BU2,027,61,1098,40,40,0,4,4,7116509602,7114509608,2,2,,,,0,0,0,0,0,0,0,0,0,0,0,0,0,0,0,0,0,0,0,2,**23,4,4,2,,IA-CIVUS-0.13,,,0,2,0,2,,,,
B5720,5720,BU2,027,61,1997,40,40,0,4,4,7116509602,7114509608,2,2,,,,0,0,0,0,0,0,0,0,0,0,0,0,0,0,0,0,0,0,0,2,**23,4,4,2,,IA-CIVUS-0.13,,,0,2,0,2,,,,
B5740,5740,BU2,027,91,1249,40,40,0,4,4,7116509608,7114509608,2,2,,,,0,0,0,0,0,0,0,0,0,0,0,0,0,0,0,0,0,0,0,2,**23,4,4,2,,IA-CIVUS-0.13,,,0,2,0,2,,,,
B5760,5760,BU2,027,91,2226,40,40,0,4,4,7116509608,7114509608,2,2,,,,0,0,0,0,0,0,0,0,0,0,0,0,0,0,0,0,0,0,0,2,**23,4,4,2,,IA-CIVUS-0.13,,,0,2,0,2,,,,
B5780,5780,BU2,027,52,2269,40,40,0,4,4,7116509608,7114509608,2,2,,,,0,0,0,0,0,0,0,0,0,0,0,0,0,0,0,0,0,0,0,2,**23,4,4,2,,IA-CIVUS-0.13,,,0,2,0,2,,,,
B5800,5800,BU2,027,80,2252,40,40,0,4,4,7116509608,7114509608,2,2,,,,0,0,0,0,0,0,0,0,0,0,0,0,0,0,0,0,0,0,0,2,**23,4,4,2,,IA-CIVUS-0.13,,,0,2,0,2,,,,
B5820,5820,BU2,027,30,2242,40,40,0,4,4,7116509608,7114509608,2,2,,,,0,0,0,0,0,0,0,0,0,0,0,0,0,0,0,0,0,0,0,2,**23,4,4,2,,IA-CIVUS-0.13,,,0,2,0,2,,,,
B5840,5840,BU2,027,90,2248,40,40,0,4,4,7116509608,7114509608,2,2,,,,0,0,0,0,0,0,0,0,0,0,0,0,0,0,0,0,0,0,0,2,**23,4,4,2,,IA-CIVUS-0.13,,,0,2,0,2,,,,
B5860,5860,BU2,027,50,2245,40,40,0,4,4,7116509608,7114509608,2,2,,,,0,0,0,0,0,0,0,0,0,0,0,0,0,0,0,0,0,0,0,2,**23,4,4,2,,IA-CIVUS-0.13,,,0,2,0,2,,,,
B5880,5880,BU2,027,50,2273,40,40,0,4,4,7116509608,7114509608,2,2,,,,0,0,0,0,0,0,0,0,0,0,0,0,0,0,0,0,0,0,0,2,**23,4,4,2,,IA-CIVUS-0.13,,,0,2,0,2,,,,
B5900,5900,BU2,027,92,542,40,40,0,4,4,7116509608,7116509608,2,2,,,,0,0,0,0,0,0,0,0,0,0,0,0,0,0,0,0,0,0,0,2,**23,4,4,2,,IA-CIVUS-0.13,,,0,2,0,2,,,,
B5920,5920,BU2,027,92,2029,40,40,0,4,4,7116509608,7116509608,2,2,,,,0,0,0,0,0,0,0,0,0,0,0,0,0,0,0,0,0,0,0,2,**23,4,4,2,,IA-CIVUS-0.13,,,0,2,0,2,,,,
B5940,5940,BU2,027,41,544,40,40,0,4,4,7116509608,7116509608,2,2,,,,0,0,0,0,0,0,0,0,0,0,0,0,0,0,0,0,0,0,0,2,**23,4,4,2,,IA-CIVUS-0.13,,,0,2,0,2,,,,
B5960,5960,BU2,027,41,2041,40,40,0,4,4,7116509608,7116509608,2,2,,,,0,0,0,0,0,0,0,0,0,0,0,0,0,0,0,0,0,0,0,2,**23,4,4,2,,IA-CIVUS-0.13,,,0,2,0,2,,,,
B5980,5980,BU2,027,50,2269,40,40,0,4,4,7116509608,7116509602,2,2,,,,0,0,0,0,0,0,0,0,0,0,0,0,0,0,0,0,0,0,0,2,**23,4,4,2,,IA-CIVUS-0.13,,,0,2,0,2,,,,
B6000,6000,BU2,027,50,389,40,40,0,4,4,7116509608,7116509602,2,2,,,,0,0,0,0,0,0,0,0,0,0,0,0,0,0,0,0,0,0,0,2,**23,4,4,2,,IA-CIVUS-0.13,,,0,2,0,2,,,,
B6020,6020,BU2,027,50,1804,40,40,0,4.35,4,7116681002,7116509602,2,2,,,,0,0,0,0,0,0,0,0,0,0,0,0,0,0,0,0,0,0,0,2,**23,4,4,2,,IA-CIVUS-0.13,,,0,2.35,0,2,,,,
B6040,6040,BU2,027,50,1826,40,40,0,4.35,4,7116681002,7116509602,2,2,,,,0,0,0,0,0,0,0,0,0,0,0,0,0,0,0,0,0,0,0,2,**23,4,4,2,,IA-CIVUS-0.13,,,0,2.35,0,2,,,,
B6060,6060,BU2,027,50,1800,40,40,0,4.35,4,7116681002,7116509602,2,2,,,,0,0,0,0,0,0,0,0,0,0,0,0,0,0,0,0,0,0,0,2,**23,4,4,2,,IA-CIVUS-0.13,,,0,2.35,0,2,,,,
B6080,6080,BU2,027,40,2293,40,40,0,4.35,4,7116681002,7116509602,2,2,,,,0,0,0,0,0,0,0,0,0,0,0,0,0,0,0,0,0,0,0,2,**23,4,4,2,,IA-CIVUS-0.13,,,0,2.35,0,2,,,,
B6100,6100,BU2,027,40,2343,40,40,0,4.35,4,7116681002,7116509602,2,2,,,,0,0,0,0,0,0,0,0,0,0,0,0,0,0,0,0,0,0,0,2,**23,4,4,2,,IA-CIVUS-0.13,,,0,2.35,0,2,,,,
B6120,6120,BU2,027,40,505,40,40,0,4.35,4,7116681002,7116509602,2,2,,,,0,0,0,0,0,0,0,0,0,0,0,0,0,0,0,0,0,0,0,2,**23,4,4,2,,IA-CIVUS-0.13,,,0,2.35,0,2,,,,
B6140,6140,BU2,027,40,2345,40,40,0,4.35,4,7116681002,7116509602,2,2,,,,0,0,0,0,0,0,0,0,0,0,0,0,0,0,0,0,0,0,0,2,**23,4,4,2,,IA-CIVUS-0.13,,,0,2.35,0,2,,,,
B6160,6160,BU2,027,40,510,40,40,0,4.35,4,7116681002,7116509602,2,2,,,,0,0,0,0,0,0,0,0,0,0,0,0,0,0,0,0,0,0,0,2,**23,4,4,2,,IA-CIVUS-0.13,,,0,2.35,0,2,,,,
B6180,6180,BU2,027,40,509,40,40,0,4.35,4,7116681002,7116509602,2,2,,,,0,0,0,0,0,0,0,0,0,0,0,0,0,0,0,0,0,0,0,2,**23,4,4,2,,IA-CIVUS-0.13,,,0,2.35,0,2,,,,
B6200,6200,BU2,027,40,2325,40,40,0,4.35,4,7116681002,7116509602,2,2,,,,0,0,0,0,0,0,0,0,0,0,0,0,0,0,0,0,0,0,0,2,**23,4,4,2,,IA-CIVUS-0.13,,,0,2.35,0,2,,,,
B6220,6220,BU2,027,60,2069,40,40,0,4.35,4,7116681002,7116509602,2,2,,,,0,0,0,0,0,0,0,0,0,0,0,0,0,0,0,0,0,0,0,2,**23,4,4,2,,IA-CIVUS-0.13,,,0,2.35,0,2,,,,
B6240,6240,BU2,027,60,2285,40,40,0,4.35,4,7116681002,7116509602,2,2,,,,0,0,0,0,0,0,0,0,0,0,0,0,0,0,0,0,0,0,0,2,**23,4,4,2,,IA-CIVUS-0.13,,,0,2.35,0,2,,,,
B6260,6260,BU2,027,60,2117,40,40,0,4.35,4,7116681002,7116509602,2,2,,,,0,0,0,0,0,0,0,0,0,0,0,0,0,0,0,0,0,0,0,2,**23,4,4,2,,IA-CIVUS-0.13,,,0,2.35,0,2,,,,
B6280,6280,BU2,027,60,2334,40,40,0,4.35,4,7116681002,7116509602,2,2,,,,0,0,0,0,0,0,0,0,0,0,0,0,0,0,0,0,0,0,0,2,**23,4,4,2,,IA-CIVUS-0.13,,,0,2.35,0,2,,,,
B6300,6300,BU2,027,60,2120,40,40,0,4.35,4,7116681002,7116509602,2,2,,,,0,0,0,0,0,0,0,0,0,0,0,0,0,0,0,0,0,0,0,2,**23,4,4,2,,IA-CIVUS-0.13,,,0,2.35,0,2,,,,
B6320,6320,BU2,027,60,2312,40,40,0,4.35,4,7116681002,7116509602,2,2,,,,0,0,0,0,0,0,0,0,0,0,0,0,0,0,0,0,0,0,0,2,**23,4,4,2,,IA-CIVUS-0.13,,,0,2.35,0,2,,,,
B6340,6340,BU2,027,60,2100,40,40,0,4.35,4,7116681002,7116509602,2,2,,,,0,0,0,0,0,0,0,0,0,0,0,0,0,0,0,0,0,0,0,2,**23,4,4,2,,IA-CIVUS-0.13,,,0,2.35,0,2,,,,
B6360,6360,BU2,027,60,2317,40,40,0,4.35,4,7116681002,7116509602,2,2,,,,0,0,0,0,0,0,0,0,0,0,0,0,0,0,0,0,0,0,0,2,**23,4,4,2,,IA-CIVUS-0.13,,,0,2.35,0,2,,,,
B6380,6380,BU2,027,52,728,40,40,0,4.35,4,7116681002,7116509602,2,2,,,,0,0,0,0,0,0,0,0,0,0,0,0,0,0,0,0,0,0,0,2,**23,4,4,2,,IA-CIVUS-0.13,,,0,2.35,0,2,,,,
B6400,6400,BU2,027,52,734,40,40,0,4.35,4,7116681002,7116509602,2,2,,,,0,0,0,0,0,0,0,0,0,0,0,0,0,0,0,0,0,0,0,2,**23,4,4,2,,IA-CIVUS-0.13,,,0,2.35,0,2,,,,
B6420,6420,BU2,027,52,832,40,40,0,4.35,4,7116681002,7116509602,2,2,,,,0,0,0,0,0,0,0,0,0,0,0,0,0,0,0,0,0,0,0,2,**23,4,4,2,,IA-CIVUS-0.13,,,0,2.35,0,2,,,,
B6440,6440,BU2,027,52,771,40,40,0,4.35,4,7116681002,7116509602,2,2,,,,0,0,0,0,0,0,0,0,0,0,0,0,0,0,0,0,0,0,0,2,**23,4,4,2,,IA-CIVUS-0.13,,,0,2.35,0,2,,,,
B6460,6460,BU2,027,30,693,40,40,0,4.35,4,7116681002,7116509602,2,2,,,,0,0,0,0,0,0,0,0,0,0,0,0,0,0,0,0,0,0,0,2,**23,4,4,2,,IA-CIVUS-0.13,,,0,2.35,0,2,,,,
B6480,6480,BU2,027,30,690,40,40,0,4.35,4,7116681002,7116509602,2,2,,,,0,0,0,0,0,0,0,0,0,0,0,0,0,0,0,0,0,0,0,2,**23,4,4,2,,IA-CIVUS-0.13,,,0,2.35,0,2,,,,
B6500,6500,BU2,027,91,2487,40,40,0,4.35,4,7116681002,7116509602,2,2,,,,0,0,0,0,0,0,0,0,0,0,0,0,0,0,0,0,0,0,0,2,**23,4,4,2,,IA-CIVUS-0.13,,,0,2.35,0,2,,,,
B6520,6520,BU2,027,91,2113,40,40,0,4.35,4,7116681002,7116509602,2,2,,,,0,0,0,0,0,0,0,0,0,0,0,0,0,0,0,0,0,0,0,2,**23,4,4,2,,IA-CIVUS-0.13,,,0,2.35,0,2,,,,
B6540,6540,BU2,027,91,2403,40,40,0,4.35,4,7116681002,7114509602,2,2,,,,0,0,0,0,0,0,0,0,0,0,0,0,0,0,0,0,0,0,0,2,**23,4,4,2,,IA-CIVUS-0.13,,,0,2.35,0,2,,,,
B6560,6560,BU2,027,91,1578,40,40,0,4.35,4,7116681002,7114509602,2,2,,,,0,0,0,0,0,0,0,0,0,0,0,0,0,0,0,0,0,0,0,2,**23,4,4,2,,IA-CIVUS-0.13,,,0,2.35,0,2,,,,
B6580,6580,BU2,027,41,1254,40,40,0,4.35,4,7116681002,7114509602,2,2,,,,0,0,0,0,0,0,0,0,0,0,0,0,0,0,0,0,0,0,0,2,**23,4,4,2,,IA-CIVUS-0.13,,,0,2.35,0,2,,,,
B6600,6600,BU2,027,41,2219,40,40,0,4.35,4,7116681002,7114509602,2,2,,,,0,0,0,0,0,0,0,0,0,0,0,0,0,0,0,0,0,0,0,2,**23,4,4,2,,IA-CIVUS-0.13,,,0,2.35,0,2,,,,
B6620,6620,BU2,027,41,2397,40,40,0,4.35,4,7116681002,7114509602,2,2,,,,0,0,0,0,0,0,0,0,0,0,0,0,0,0,0,0,0,0,0,2,**23,4,4,2,,IA-CIVUS-0.13,,,0,2.35,0,2,,,,
B6640,6640,BU2,027,41,1581,40,40,0,4.35,4,7116681002,7114509602,2,2,,,,0,0,0,0,0,0,0,0,0,0,0,0,0,0,0,0,0,0,0,2,**23,4,4,2,,IA-CIVUS-0.13,,,0,2.35,0,2,,,,
B6660,6660,BU2,027,90,2258,40,40,0,4.35,4,7116681002,7114509602,2,2,,,,0,0,0,0,0,0,0,0,0,0,0,0,0,0,0,0,0,0,0,2,**23,4,4,2,,IA-CIVUS-0.13,,,0,2.35,0,2,,,,
B6680,6680,BU2,027,40,2354,40,40,0,4.35,4,7116681002,7114509602,2,2,,,,0,0,0,0,0,0,0,0,0,0,0,0,0,0,0,0,0,0,0,2,**23,4,4,2,,IA-CIVUS-0.13,,,0,2.35,0,2,,,,
B6700,6700,BU2,027,40,2908,40,40,0,4.35,4,7116681002,7114509602,2,2,,,,0,0,0,0,0,0,0,0,0,0,0,0,0,0,0,0,0,0,0,2,**23,4,4,2,,IA-CIVUS-0.13,,,0,2.35,0,2,,,,
B6720,6720,BU2,027,40,2255,40,40,0,4.35,4,7116681002,7114509602,2,2,,,,0,0,0,0,0,0,0,0,0,0,0,0,0,0,0,0,0,0,0,2,**23,4,4,2,,IA-CIVUS-0.13,,,0,2.35,0,2,,,,
B9000,9000,BU2,027,30,80,3,3,0,10,10,STRIP ONLY,STRIP ONLY,Y,Y,,,,0,0,0,0,0,0,0,0,0,0,0,0,0,0,0,0,0,0,0,2,**23,4,4,2,,IA-CIVUS-0.13,,,0,8,0,8,,,,
B9010,9010,BU2,027,30,400,1,1,0,15,15,STRIP ONLY,STRIP ONLY,Y,Y,,,,0,0,0,0,0,0,0,0,0,0,0,0,0,0,0,0,0,0,0,2,**23,4,4,2,,IA-CIVUS-0.13,,,0,13,0,13,,,,
